faz_id,population_2000,population_2010,population_2011,population_2012,population_2013,population_2014,population_2015,population_2016,population_2017,population_2018,population_2019,population_2020,population_2021,population_2022,population_2023,population_2024,population_2025,population_2026,population_2027,population_2028,population_2029,population_2030,population_2031,population_2032,population_2033,population_2034,population_2035,population_2036,population_2037,population_2038,population_2039,population_2040
8935.0,8813.0,11751.0,11690.0,11776.0,11832.0,11885.0,12639.0,12514.0,12536.0,12578.0,12874.0,13381.0,13361.0,13422.0,13493.0,13490.0,14337.0,14448.0,14462.0,14509.0,14526.0,15322.0,15421.0,15475.0,15548.0,15665.0,16461.0,16676.0,16716.0,16755.0,16893.0,17772.0
8927.0,4838.0,5430.0,5411.0,5439.0,5482.0,5517.0,5717.0,5678.0,5732.0,5783.0,5738.0,5815.0,5768.0,5794.0,5779.0,5779.0,5748.0,5771.0,5773.0,5814.0,5804.0,5793.0,5856.0,5901.0,5918.0,5967.0,5949.0,6039.0,6079.0,6130.0,6262.0,6235.0
8926.0,11809.0,13603.0,13520.0,13646.0,13792.0,13963.0,14580.0,14678.0,14835.0,14930.0,14820.0,15113.0,15123.0,15180.0,15263.0,15372.0,15378.0,15476.0,15528.0,15695.0,15689.0,15776.0,15991.0,16080.0,16205.0,16332.0,16354.0,16692.0,16816.0,17069.0,17297.0,17272.0
8936.0,14660.0,17058.0,17047.0,17185.0,17367.0,17503.0,17989.0,17881.0,18026.0,18035.0,18902.0,19076.0,19035.0,19069.0,19127.0,19197.0,19244.0,19349.0,19434.0,19497.0,19476.0,19603.0,19779.0,19816.0,19936.0,20022.0,20085.0,20293.0,20374.0,20504.0,20636.0,20587.0
8500.0,11897.0,17792.0,17817.0,18016.0,18298.0,18679.0,19520.0,19523.0,19662.0,19862.0,19836.0,21091.0,20976.0,21007.0,21010.0,21021.0,22237.0,22327.0,22413.0,22446.0,22440.0,23147.0,23146.0,23231.0,23372.0,23507.0,24021.0,24263.0,24562.0,24951.0,25640.0,24603.0
8406.0,1367.0,1502.0,1480.0,1484.0,1492.0,1495.0,1522.0,1532.0,1547.0,1554.0,1540.0,1558.0,1593.0,1604.0,1633.0,1641.0,1634.0,1658.0,1663.0,1682.0,1696.0,1707.0,1728.0,1768.0,1837.0,1907.0,1904.0,2002.0,2059.0,2087.0,2162.0,2077.0
8320.0,11000.0,11796.0,11825.0,11928.0,12052.0,12057.0,12403.0,12313.0,12328.0,12377.0,12787.0,12801.0,12773.0,12795.0,12826.0,12923.0,13179.0,13197.0,13195.0,13221.0,13227.0,13543.0,13555.0,13575.0,13610.0,13702.0,14028.0,14041.0,14074.0,14222.0,14380.0,14533.0
8925.0,10876.0,13610.0,13573.0,13647.0,13782.0,13854.0,14746.0,14742.0,14855.0,14916.0,14826.0,16179.0,16202.0,16237.0,16309.0,16334.0,17522.0,17601.0,17601.0,17675.0,17681.0,18933.0,19190.0,19293.0,19433.0,19562.0,20638.0,20905.0,20951.0,20986.0,21181.0,22705.0
8937.0,8978.0,9904.0,9911.0,9982.0,10116.0,10335.0,12342.0,12806.0,13219.0,13670.0,13738.0,14004.0,14309.0,14620.0,14976.0,15222.0,15169.0,15470.0,15730.0,15905.0,16013.0,15933.0,16261.0,16471.0,16696.0,17019.0,16937.0,17464.0,17783.0,18217.0,18681.0,18574.0
8405.0,10538.0,15276.0,15270.0,15489.0,15750.0,16055.0,16787.0,16704.0,16862.0,17035.0,18018.0,18033.0,18063.0,18151.0,18398.0,18504.0,18958.0,19044.0,19077.0,19210.0,19283.0,20362.0,20534.0,20579.0,20677.0,20901.0,21842.0,22007.0,22133.0,22219.0,22485.0,22819.0
8310.0,26209.0,28898.0,28821.0,29283.0,29692.0,30088.0,31299.0,31082.0,31433.0,31734.0,31987.0,31998.0,32032.0,32247.0,32522.0,32747.0,33449.0,33501.0,33544.0,33688.0,33721.0,34752.0,34963.0,34994.0,35071.0,35225.0,35998.0,36083.0,36314.0,36628.0,37011.0,37505.0
8910.0,12561.0,14476.0,14406.0,14555.0,14658.0,14726.0,15371.0,15361.0,15514.0,15677.0,15843.0,16037.0,16091.0,16225.0,16357.0,16410.0,16565.0,16763.0,16881.0,17069.0,17075.0,17290.0,17581.0,17699.0,17932.0,18185.0,18401.0,18909.0,19077.0,19360.0,19793.0,19731.0
7905.0,15580.0,21227.0,21159.0,21376.0,21746.0,22044.0,24196.0,24164.0,24454.0,24792.0,26593.0,26225.0,26378.0,26736.0,27154.0,27432.0,27701.0,27967.0,28086.0,28401.0,28493.0,29198.0,29379.0,29601.0,29897.0,30148.0,30882.0,31168.0,31387.0,31788.0,32236.0,33138.0
7606.0,1424.0,3489.0,3512.0,3608.0,3762.0,3981.0,4270.0,4307.0,4439.0,4654.0,4774.0,4790.0,4886.0,4958.0,5078.0,5263.0,5574.0,5629.0,5642.0,5667.0,5672.0,6025.0,6061.0,6135.0,6187.0,6199.0,6425.0,6436.0,6431.0,6469.0,6496.0,6544.0
7805.0,14732.0,19319.0,19275.0,19462.0,19713.0,19874.0,21248.0,21121.0,21379.0,21675.0,23091.0,22486.0,22800.0,23061.0,23393.0,23678.0,23084.0,23542.0,23920.0,24297.0,24447.0,23899.0,24517.0,24894.0,25304.0,25724.0,24912.0,25732.0,26216.0,26572.0,26898.0,26019.0
8220.0,17659.0,17907.0,18009.0,18354.0,18590.0,18793.0,19935.0,19901.0,20033.0,20117.0,20280.0,21848.0,22018.0,22133.0,22227.0,22216.0,24723.0,25459.0,25761.0,25940.0,26029.0,27858.0,28022.0,28123.0,28154.0,28190.0,28922.0,28814.0,28718.0,28709.0,28661.0,30095.0
8000.0,10729.0,12231.0,12196.0,12343.0,12608.0,12851.0,14143.0,14291.0,14526.0,14667.0,14629.0,15225.0,15315.0,15430.0,15537.0,15594.0,16046.0,16161.0,16175.0,16242.0,16228.0,16648.0,16694.0,16222.0,16269.0,16276.0,17069.0,17132.0,17155.0,17168.0,17215.0,19149.0
8906.0,7802.0,8465.0,8454.0,8478.0,8536.0,8564.0,8782.0,8712.0,8719.0,8715.0,8635.0,8659.0,8625.0,8659.0,8730.0,8742.0,8695.0,8747.0,8750.0,8780.0,8784.0,8741.0,8827.0,8841.0,8817.0,8876.0,8835.0,8996.0,9048.0,9102.0,9193.0,9140.0
8210.0,6885.0,7252.0,7370.0,7559.0,7807.0,8006.0,8568.0,8558.0,8577.0,8602.0,11124.0,12687.0,12849.0,12972.0,13080.0,13150.0,15793.0,16330.0,16513.0,16652.0,16762.0,18016.0,18089.0,18087.0,18129.0,18187.0,19177.0,19113.0,19096.0,19110.0,19078.0,21362.0
9020.0,12303.0,15292.0,15243.0,15380.0,15629.0,15832.0,16963.0,17261.0,18849.0,19062.0,19022.0,19053.0,19294.0,19564.0,19723.0,19898.0,20405.0,20569.0,20698.0,20795.0,20863.0,21183.0,21472.0,21566.0,21686.0,21923.0,21682.0,22204.0,22399.0,22642.0,22947.0,21587.0
8125.0,15344.0,16189.0,16291.0,16528.0,16870.0,17176.0,18209.0,18316.0,18610.0,18791.0,18813.0,19294.0,19464.0,19578.0,19691.0,19740.0,20503.0,20737.0,20779.0,20831.0,20868.0,21611.0,21608.0,21646.0,21751.0,21785.0,23216.0,23129.0,23176.0,23138.0,23157.0,24308.0
8126.0,10623.0,11286.0,11302.0,11493.0,11748.0,11943.0,12748.0,12789.0,12962.0,13143.0,14186.0,14744.0,14767.0,14919.0,15018.0,15096.0,16163.0,16407.0,16552.0,16582.0,16649.0,17603.0,17683.0,17735.0,17793.0,17827.0,19045.0,19117.0,19146.0,19167.0,19183.0,20400.0
8905.0,7887.0,9674.0,9675.0,9719.0,9762.0,9784.0,9960.0,9946.0,9995.0,10016.0,9940.0,10000.0,9966.0,9992.0,10003.0,10036.0,9965.0,10029.0,10004.0,10062.0,10047.0,9978.0,10028.0,10056.0,10118.0,10180.0,10112.0,10275.0,10282.0,10313.0,10443.0,10389.0
7806.0,4126.0,4565.0,4623.0,4744.0,4823.0,4929.0,4946.0,5002.0,5152.0,5309.0,5766.0,5664.0,5763.0,5888.0,6057.0,6180.0,6406.0,6681.0,6847.0,7100.0,7232.0,7163.0,7484.0,7731.0,7880.0,8113.0,8132.0,8771.0,9041.0,9314.0,9514.0,9215.0
7700.0,7859.0,8177.0,8191.0,8323.0,8416.0,8494.0,8526.0,8491.0,8526.0,8492.0,8423.0,8439.0,8411.0,8420.0,8438.0,8406.0,8449.0,8464.0,8493.0,8522.0,8516.0,8575.0,8605.0,8622.0,8603.0,8599.0,8595.0,8561.0,8513.0,8510.0,8504.0,8555.0
7526.0,13883.0,15879.0,15845.0,15887.0,15940.0,15939.0,16353.0,16178.0,16217.0,16295.0,16249.0,16574.0,16505.0,16497.0,16577.0,16611.0,16625.0,16612.0,16641.0,16616.0,16603.0,16578.0,16600.0,16622.0,16660.0,16728.0,16557.0,16684.0,16692.0,16775.0,16808.0,16566.0
7340.0,20688.0,26113.0,26307.0,26821.0,27432.0,27956.0,29509.0,29485.0,29729.0,30002.0,30967.0,30745.0,30744.0,30848.0,31040.0,31131.0,30707.0,31004.0,31128.0,31422.0,31589.0,30620.0,31217.0,31542.0,31742.0,31980.0,30307.0,31475.0,31961.0,32364.0,32820.0,29283.0
7605.0,1799.0,1966.0,1956.0,1979.0,1994.0,1988.0,2011.0,2003.0,2002.0,2008.0,1981.0,1975.0,1975.0,1969.0,1978.0,1981.0,1977.0,1992.0,1986.0,1987.0,1966.0,1952.0,1978.0,1979.0,1954.0,1981.0,1959.0,2003.0,1994.0,1997.0,2018.0,2002.0
7537.0,14128.0,20392.0,20245.0,20322.0,20387.0,20473.0,20933.0,20718.0,20782.0,20839.0,21069.0,21290.0,21263.0,21370.0,21483.0,21551.0,22030.0,22228.0,22328.0,22454.0,22552.0,23282.0,23496.0,23700.0,24084.0,24443.0,25898.0,26661.0,27241.0,27822.0,28434.0,27797.0
8115.0,22442.0,26517.0,26342.0,26483.0,26685.0,26726.0,27463.0,27262.0,27427.0,27411.0,27383.0,27408.0,27307.0,27358.0,27410.0,27457.0,27361.0,27618.0,27840.0,27931.0,27934.0,27587.0,28124.0,28574.0,28711.0,29284.0,30320.0,31755.0,32367.0,33115.0,33912.0,33321.0
7335.0,27548.0,34136.0,34149.0,34489.0,34897.0,35298.0,37158.0,36891.0,37145.0,37259.0,38303.0,36805.0,37251.0,37756.0,38193.0,38405.0,37626.0,38277.0,38593.0,38952.0,39118.0,37950.0,38682.0,39153.0,39430.0,39690.0,39055.0,39872.0,40231.0,40665.0,41000.0,40347.0
8600.0,13815.0,16345.0,16352.0,16463.0,16734.0,17017.0,17415.0,17454.0,17717.0,18009.0,18131.0,17875.0,18069.0,18271.0,18543.0,18792.0,18197.0,18607.0,18895.0,19205.0,19301.0,18645.0,19081.0,19309.0,19538.0,19799.0,19114.0,19768.0,20063.0,20370.0,20680.0,19858.0
7425.0,17890.0,29497.0,29403.0,29746.0,30242.0,30606.0,33395.0,33393.0,33649.0,33922.0,38946.0,39028.0,39279.0,39601.0,40011.0,40242.0,39603.0,40002.0,40233.0,40522.0,40599.0,39974.0,40492.0,40820.0,41028.0,41355.0,40920.0,41338.0,41456.0,41704.0,41905.0,42197.0
7535.0,11311.0,20964.0,20888.0,21157.0,21439.0,21789.0,21374.0,22188.0,22848.0,23291.0,26780.0,23631.0,24642.0,25282.0,25782.0,26186.0,24568.0,25523.0,26185.0,26761.0,27147.0,25722.0,26874.0,27528.0,28153.0,28931.0,27234.0,29178.0,30600.0,32053.0,33525.0,28465.0
7525.0,14270.0,15823.0,15815.0,15954.0,16109.0,16150.0,16676.0,16600.0,16683.0,16721.0,17682.0,16552.0,16830.0,17062.0,17219.0,17292.0,16895.0,17308.0,17543.0,17725.0,17822.0,17483.0,17865.0,18120.0,18372.0,18715.0,17687.0,18704.0,19448.0,20209.0,20677.0,17369.0
7436.0,5649.0,5872.0,5861.0,5916.0,5992.0,6001.0,6129.0,6085.0,6085.0,6089.0,6051.0,6106.0,6071.0,6043.0,6032.0,6046.0,6023.0,6012.0,5995.0,6034.0,6026.0,6001.0,6047.0,6021.0,6059.0,6083.0,6070.0,6111.0,6110.0,6124.0,6131.0,6098.0
9019.0,13114.0,16524.0,16535.0,16721.0,16887.0,17018.0,17499.0,17499.0,17579.0,17684.0,18336.0,18626.0,18617.0,18718.0,18820.0,18886.0,19125.0,19284.0,19375.0,19498.0,19526.0,19452.0,19788.0,19973.0,20118.0,20303.0,19718.0,20238.0,20425.0,20708.0,20912.0,19640.0
7026.0,9993.0,10472.0,10520.0,10710.0,10826.0,10967.0,11099.0,11176.0,11331.0,11400.0,11430.0,11446.0,11401.0,11454.0,11503.0,11551.0,11672.0,11701.0,11734.0,11779.0,11782.0,11712.0,11743.0,11763.0,11780.0,11783.0,11987.0,11966.0,11907.0,11877.0,11884.0,12081.0
7205.0,12477.0,12863.0,12844.0,12905.0,13009.0,13128.0,13237.0,13191.0,13328.0,13390.0,13490.0,14576.0,14428.0,14471.0,14485.0,14495.0,15551.0,15507.0,15501.0,15491.0,15502.0,16193.0,16087.0,16025.0,16037.0,16000.0,16759.0,16649.0,16586.0,16508.0,16535.0,17471.0
7515.0,3050.0,4816.0,4788.0,4801.0,4821.0,5994.0,6094.0,6048.0,6118.0,6174.0,7751.0,7919.0,7943.0,7961.0,7954.0,7983.0,8190.0,8182.0,8119.0,8111.0,8091.0,9443.0,9388.0,9303.0,9273.0,9257.0,10180.0,10090.0,10034.0,10010.0,9967.0,11119.0
7320.0,19708.0,29219.0,29255.0,29735.0,30213.0,30592.0,32238.0,32290.0,32643.0,32898.0,35756.0,32463.0,33384.0,34141.0,34738.0,35141.0,33223.0,34214.0,34850.0,35299.0,35508.0,34210.0,35140.0,35719.0,36249.0,36692.0,35528.0,36501.0,37022.0,37394.0,37926.0,37149.0
7206.0,16005.0,16688.0,16664.0,16832.0,16970.0,17082.0,17093.0,16949.0,16982.0,17052.0,16982.0,18079.0,17949.0,18016.0,18087.0,18221.0,20073.0,20126.0,20147.0,20201.0,20231.0,21891.0,21713.0,21643.0,21605.0,21528.0,24857.0,24647.0,24531.0,24356.0,24239.0,28039.0
7315.0,14872.0,16027.0,16072.0,16333.0,16662.0,16845.0,18402.0,18484.0,18656.0,18752.0,19086.0,18095.0,18350.0,18674.0,18976.0,19214.0,18885.0,19155.0,19460.0,19653.0,19831.0,19400.0,19776.0,20007.0,20218.0,20444.0,19902.0,20448.0,20745.0,21012.0,21234.0,20521.0
7435.0,7400.0,8142.0,8082.0,8156.0,8238.0,8235.0,8485.0,8437.0,8464.0,8489.0,8462.0,8539.0,8507.0,8542.0,8561.0,8578.0,8542.0,8536.0,8602.0,8606.0,8616.0,8583.0,8640.0,8640.0,8685.0,8740.0,8683.0,8793.0,8835.0,8854.0,8897.0,8827.0
7316.0,17284.0,19771.0,19753.0,19935.0,20130.0,20284.0,22846.0,22627.0,22640.0,22726.0,23506.0,23530.0,23549.0,23715.0,23779.0,23839.0,24039.0,24168.0,24342.0,24429.0,24422.0,24108.0,24347.0,24453.0,24508.0,24580.0,24394.0,24573.0,24716.0,24740.0,24766.0,25280.0
7025.0,18652.0,17886.0,18412.0,19439.0,20200.0,20733.0,21295.0,21824.0,22066.0,22132.0,22786.0,22487.0,22622.0,22723.0,22799.0,22892.0,23190.0,23655.0,23787.0,23846.0,23928.0,23740.0,23894.0,23958.0,24047.0,24038.0,24225.0,24123.0,24069.0,24073.0,24094.0,24471.0
7415.0,6401.0,10584.0,10563.0,10640.0,10793.0,10948.0,12829.0,12829.0,12920.0,12996.0,13886.0,14045.0,14055.0,14147.0,14259.0,14366.0,14739.0,14922.0,15068.0,15137.0,15213.0,15500.0,15599.0,15763.0,15819.0,15916.0,15987.0,16139.0,16181.0,16199.0,16269.0,16455.0
7100.0,19139.0,20017.0,20068.0,20280.0,20491.0,20655.0,21719.0,21793.0,21929.0,22118.0,22588.0,22713.0,22719.0,22711.0,22713.0,22814.0,23638.0,23809.0,23850.0,24084.0,24279.0,24535.0,24797.0,24197.0,24620.0,25120.0,25163.0,25903.0,26803.0,27670.0,28626.0,25165.0
7015.0,15607.0,16981.0,17071.0,17398.0,17680.0,17927.0,17385.0,17745.0,18067.0,18323.0,18389.0,17866.0,18150.0,18335.0,18518.0,18568.0,18729.0,19151.0,19421.0,19523.0,19596.0,19684.0,20172.0,20406.0,20648.0,20875.0,21172.0,21575.0,21657.0,21803.0,21952.0,22994.0
9908.0,4286.0,3942.0,3934.0,3946.0,3951.0,3959.0,3977.0,3907.0,3903.0,3906.0,3868.0,3886.0,3830.0,3841.0,3851.0,3847.0,3849.0,3850.0,3853.0,3845.0,3848.0,3808.0,3831.0,3839.0,3849.0,3858.0,3755.0,3759.0,3766.0,3766.0,3757.0,3535.0
6410.0,33256.0,35029.0,35129.0,35644.0,36247.0,36729.0,37065.0,37262.0,37852.0,38359.0,38407.0,38942.0,38830.0,39098.0,39405.0,39738.0,39999.0,40297.0,40708.0,41455.0,42104.0,40622.0,41901.0,43024.0,44369.0,45786.0,39691.0,44374.0,46854.0,48672.0,50058.0,38479.0
6420.0,30649.0,31829.0,32034.0,32566.0,33253.0,33724.0,33756.0,33976.0,34361.0,34788.0,34719.0,34406.0,34604.0,34929.0,35291.0,35475.0,35218.0,35679.0,36061.0,36524.0,36797.0,35736.0,36421.0,37258.0,38491.0,39960.0,36499.0,40063.0,41919.0,43547.0,44842.0,37538.0
5535.0,20913.0,24504.0,24603.0,25071.0,25640.0,26282.0,27237.0,27487.0,28168.0,28914.0,29161.0,28808.0,29290.0,29903.0,30387.0,30726.0,29997.0,30529.0,30945.0,31335.0,31679.0,31859.0,32236.0,32598.0,33085.0,33612.0,33365.0,33727.0,34164.0,34912.0,35513.0,34954.0
5600.0,11957.0,13982.0,14069.0,14345.0,14570.0,14845.0,15311.0,15350.0,15580.0,15749.0,15730.0,16449.0,16506.0,16668.0,16815.0,16842.0,17373.0,17466.0,17561.0,17704.0,17797.0,18285.0,18458.0,18480.0,18590.0,18688.0,18949.0,19275.0,19458.0,19581.0,19618.0,19847.0
5546.0,14805.0,15708.0,15748.0,15944.0,16145.0,16395.0,16115.0,16417.0,16816.0,17167.0,17141.0,16911.0,17082.0,17249.0,17553.0,17730.0,17626.0,17881.0,18028.0,18262.0,18364.0,18431.0,18633.0,18803.0,19056.0,19317.0,19219.0,19692.0,19944.0,20105.0,20291.0,19880.0
4706.0,11048.0,15463.0,15821.0,15850.0,15925.0,15932.0,14826.0,15045.0,15303.0,15407.0,15331.0,15034.0,15129.0,15299.0,15404.0,15413.0,15120.0,15283.0,15391.0,15515.0,15526.0,15263.0,15477.0,15506.0,15592.0,15667.0,15625.0,15830.0,15918.0,15955.0,16009.0,15770.0
6605.0,9502.0,11698.0,11710.0,11835.0,11914.0,11909.0,12596.0,12600.0,12715.0,12754.0,12661.0,13189.0,13208.0,13339.0,13454.0,13456.0,13580.0,13717.0,13811.0,13859.0,13897.0,13743.0,13931.0,14003.0,14080.0,14128.0,13828.0,14141.0,14321.0,14550.0,14697.0,14232.0
6910.0,5533.0,6141.0,6174.0,6296.0,6380.0,6472.0,6604.0,6754.0,6910.0,7022.0,7027.0,7257.0,7404.0,7517.0,7661.0,7755.0,7644.0,7776.0,7865.0,7944.0,7992.0,7873.0,8041.0,8102.0,8185.0,8302.0,8161.0,8542.0,8655.0,8783.0,8921.0,8575.0
6606.0,4726.0,5242.0,5260.0,5327.0,5371.0,5445.0,5494.0,5528.0,5597.0,5661.0,5625.0,5824.0,5888.0,5962.0,6020.0,6094.0,6210.0,6284.0,6307.0,6343.0,6367.0,6427.0,6471.0,6515.0,6557.0,6633.0,6674.0,6894.0,7017.0,7156.0,7337.0,7305.0
9909.0,4194.0,4721.0,4725.0,4774.0,4836.0,4883.0,4936.0,4928.0,4965.0,5092.0,5099.0,5097.0,5179.0,5264.0,5372.0,5455.0,5336.0,5495.0,5607.0,5756.0,5806.0,5710.0,5904.0,6050.0,6155.0,6301.0,6245.0,6411.0,6502.0,6623.0,6821.0,7619.0
9011.0,6417.0,8187.0,8204.0,8311.0,8459.0,8514.0,8757.0,8742.0,8839.0,8905.0,8873.0,8780.0,8962.0,9068.0,9157.0,9211.0,9630.0,9812.0,9917.0,10030.0,10091.0,10479.0,10756.0,10910.0,11076.0,11234.0,11142.0,11705.0,11916.0,12126.0,12403.0,11339.0
5525.0,11647.0,13003.0,12984.0,13139.0,13295.0,13481.0,13672.0,13815.0,13961.0,14071.0,14038.0,14171.0,14237.0,14420.0,14519.0,14671.0,15001.0,15154.0,15269.0,15423.0,15498.0,15106.0,15279.0,15488.0,15668.0,15825.0,15932.0,16263.0,16473.0,16593.0,16694.0,16688.0
5515.0,21591.0,22483.0,22635.0,23048.0,23506.0,23864.0,24374.0,24612.0,24967.0,25375.0,25342.0,25818.0,26158.0,26573.0,26938.0,27147.0,27199.0,27401.0,27560.0,27703.0,27783.0,28530.0,28677.0,28776.0,28822.0,28945.0,29198.0,29212.0,29244.0,29308.0,29378.0,29700.0
6326.0,21609.0,23799.0,23920.0,24325.0,24785.0,25171.0,25371.0,25507.0,25679.0,25822.0,25731.0,25317.0,25327.0,25459.0,25525.0,25615.0,25436.0,25709.0,25787.0,25730.0,25793.0,25483.0,25725.0,25856.0,25956.0,26097.0,26043.0,26200.0,26246.0,26311.0,26416.0,26496.0
9914.0,14552.0,17006.0,16981.0,17141.0,17338.0,17471.0,18038.0,18057.0,18234.0,18444.0,18443.0,19084.0,19139.0,19274.0,19473.0,19524.0,19981.0,20237.0,20369.0,20460.0,20501.0,20960.0,21130.0,21217.0,21369.0,21448.0,22370.0,22190.0,22075.0,22016.0,21984.0,24547.0
5545.0,11212.0,13868.0,13937.0,14125.0,14263.0,14400.0,14387.0,14528.0,14830.0,15224.0,15286.0,15380.0,15766.0,16089.0,16343.0,16486.0,16261.0,16656.0,16925.0,17140.0,17181.0,16665.0,17213.0,17421.0,17547.0,17699.0,17286.0,17805.0,18020.0,18152.0,18240.0,17694.0
6223.0,24698.0,27062.0,27136.0,27581.0,27911.0,28304.0,28501.0,28583.0,28785.0,28858.0,28690.0,28699.0,28642.0,28411.0,28406.0,28505.0,28289.0,27983.0,28083.0,28353.0,28519.0,28132.0,28536.0,28597.0,28858.0,29020.0,28963.0,29209.0,29389.0,29503.0,29619.0,31426.0
5306.0,20690.0,22524.0,22729.0,23016.0,23357.0,23684.0,24110.0,24146.0,24309.0,24445.0,24351.0,23819.0,23783.0,23931.0,24042.0,24152.0,24147.0,24288.0,24337.0,24429.0,24451.0,24175.0,24234.0,24376.0,24563.0,24653.0,24921.0,25052.0,25155.0,25251.0,25330.0,26186.0
6325.0,32383.0,35612.0,35881.0,36579.0,37086.0,37499.0,37525.0,37464.0,37476.0,37477.0,37207.0,37192.0,36969.0,37007.0,37017.0,37018.0,36745.0,36915.0,36969.0,37040.0,36946.0,36481.0,36796.0,36928.0,36984.0,37078.0,36984.0,37030.0,37041.0,37029.0,37011.0,37161.0
9009.0,4230.0,5282.0,5331.0,5375.0,5412.0,5451.0,5520.0,5490.0,5516.0,5522.0,5488.0,5529.0,5548.0,5565.0,5568.0,5619.0,5619.0,5670.0,5695.0,5747.0,5725.0,5609.0,5720.0,5772.0,5830.0,5866.0,5665.0,5804.0,5862.0,5916.0,5976.0,5776.0
9006.0,8324.0,10368.0,10356.0,10468.0,10613.0,10693.0,10863.0,10859.0,10988.0,11125.0,11124.0,11296.0,11353.0,11449.0,11622.0,11704.0,11583.0,11863.0,12025.0,12279.0,12365.0,12140.0,12530.0,12753.0,13024.0,13341.0,13120.0,13623.0,13902.0,14075.0,14206.0,14266.0
6225.0,16363.0,19622.0,19821.0,20307.0,20725.0,21076.0,21303.0,21439.0,21620.0,21679.0,21594.0,21634.0,21644.0,21396.0,21471.0,21550.0,21409.0,21714.0,21897.0,21729.0,21846.0,21549.0,21910.0,22191.0,22368.0,22486.0,22450.0,22634.0,22739.0,22922.0,23095.0,25018.0
9018.0,13632.0,14153.0,14160.0,14289.0,14470.0,14598.0,14614.0,14571.0,14778.0,14962.0,14973.0,14061.0,14308.0,14543.0,14938.0,15143.0,13987.0,14632.0,15003.0,15440.0,15680.0,14974.0,15559.0,15978.0,16429.0,16872.0,16963.0,17478.0,17922.0,18344.0,18807.0,21348.0
5425.0,32648.0,36304.0,36308.0,36715.0,37155.0,37519.0,40134.0,40045.0,40448.0,40831.0,40795.0,43707.0,43420.0,43631.0,43810.0,43906.0,46199.0,46354.0,46418.0,46517.0,46362.0,46801.0,47002.0,47066.0,47214.0,47316.0,49147.0,49309.0,48929.0,49076.0,49236.0,51387.0
5305.0,21811.0,25106.0,25444.0,25935.0,26492.0,27004.0,27631.0,27959.0,28439.0,28765.0,29026.0,29830.0,30058.0,30327.0,30520.0,30692.0,30597.0,30771.0,30859.0,30985.0,31032.0,32494.0,32581.0,32707.0,32704.0,32725.0,32948.0,32943.0,32917.0,32948.0,33037.0,33348.0
5426.0,12479.0,20909.0,25984.0,26003.0,26128.0,26206.0,23890.0,24047.0,24381.0,24525.0,24366.0,23896.0,24043.0,24160.0,24206.0,24282.0,23805.0,23920.0,24012.0,24085.0,24097.0,23714.0,23851.0,23933.0,23963.0,23979.0,23898.0,24243.0,24041.0,24152.0,24342.0,24564.0
6226.0,27921.0,30961.0,31029.0,31555.0,31988.0,32406.0,32469.0,32346.0,32318.0,32380.0,32194.0,32160.0,32021.0,32048.0,32068.0,32035.0,31801.0,32022.0,32034.0,32050.0,32008.0,31622.0,31882.0,31920.0,31978.0,32075.0,32032.0,32114.0,32148.0,32120.0,32152.0,32322.0
6126.0,11088.0,12015.0,12087.0,12321.0,12513.0,12707.0,12659.0,12665.0,12746.0,12765.0,12655.0,12619.0,12570.0,12636.0,12641.0,12639.0,12530.0,12611.0,12619.0,12683.0,12662.0,12508.0,12606.0,12639.0,12658.0,12692.0,12668.0,12677.0,12668.0,12677.0,12714.0,12844.0
6224.0,18502.0,20540.0,20615.0,21059.0,21294.0,21412.0,21485.0,21350.0,21359.0,21405.0,21290.0,21291.0,21251.0,21353.0,21397.0,21382.0,21242.0,21397.0,21413.0,21405.0,21384.0,21123.0,21280.0,21358.0,21400.0,21433.0,21388.0,21427.0,21446.0,21431.0,21446.0,21510.0
6216.0,14314.0,15922.0,15959.0,16172.0,16349.0,16243.0,16342.0,16288.0,16339.0,16322.0,16216.0,16277.0,16252.0,16263.0,16280.0,16295.0,16140.0,16211.0,16199.0,16236.0,16264.0,16055.0,16225.0,16251.0,16261.0,16269.0,16235.0,16327.0,16338.0,16365.0,16337.0,16368.0
6316.0,26093.0,30951.0,31274.0,31986.0,32488.0,38216.0,38422.0,38426.0,38536.0,38623.0,38441.0,38687.0,38738.0,38941.0,39080.0,39041.0,38736.0,39073.0,39276.0,39372.0,39407.0,38884.0,39254.0,39402.0,39478.0,39537.0,39468.0,39587.0,39548.0,39567.0,39630.0,41724.0
6215.0,19992.0,23190.0,23227.0,23567.0,23671.0,23778.0,23865.0,23929.0,24182.0,24284.0,24220.0,24403.0,24803.0,25054.0,25223.0,25319.0,25124.0,25327.0,25375.0,25490.0,25621.0,25343.0,25707.0,25873.0,25939.0,26049.0,25987.0,26213.0,26288.0,26336.0,26434.0,27866.0
5100.0,7584.0,8714.0,8828.0,9068.0,9237.0,9397.0,8638.0,8871.0,9069.0,9166.0,9111.0,8696.0,8858.0,8996.0,9066.0,9088.0,8736.0,9008.0,9097.0,9149.0,9212.0,8799.0,9075.0,9174.0,9237.0,9256.0,8862.0,9126.0,9170.0,9261.0,9250.0,8854.0
6213.0,15305.0,18364.0,18579.0,19052.0,19272.0,19457.0,19466.0,19408.0,19431.0,19473.0,19368.0,19388.0,19286.0,19379.0,19413.0,19413.0,19291.0,19446.0,19542.0,19650.0,19616.0,19374.0,19646.0,19766.0,19820.0,19844.0,19818.0,19838.0,19841.0,19832.0,19828.0,20007.0
9005.0,4449.0,5809.0,5769.0,5800.0,5853.0,5881.0,6059.0,6098.0,6182.0,6216.0,6141.0,6388.0,6479.0,6528.0,6575.0,6611.0,6651.0,6686.0,6768.0,6811.0,6833.0,6741.0,6833.0,6931.0,6944.0,7044.0,6802.0,6988.0,7108.0,7219.0,7353.0,6945.0
6124.0,22952.0,26019.0,26293.0,26944.0,27290.0,27569.0,27620.0,27606.0,27679.0,27769.0,27636.0,27534.0,27603.0,27648.0,27778.0,27821.0,27617.0,27897.0,27976.0,28051.0,28135.0,27759.0,28115.0,28206.0,28230.0,28250.0,28217.0,28301.0,28342.0,28364.0,28366.0,28208.0
6125.0,8608.0,9652.0,9803.0,10078.0,10218.0,10301.0,10300.0,10256.0,10275.0,10265.0,10213.0,10199.0,10203.0,10244.0,10292.0,10323.0,10233.0,10345.0,10407.0,10456.0,10486.0,10347.0,10468.0,10519.0,10530.0,10567.0,10542.0,10566.0,10564.0,10568.0,10552.0,10535.0
6214.0,305.0,376.0,374.0,375.0,370.0,378.0,378.0,373.0,375.0,376.0,377.0,377.0,382.0,380.0,380.0,384.0,381.0,383.0,381.0,383.0,381.0,372.0,372.0,379.0,381.0,383.0,381.0,387.0,387.0,387.0,384.0,384.0
5415.0,11625.0,13084.0,13145.0,13325.0,13496.0,13682.0,15104.0,15036.0,15098.0,15242.0,15237.0,16431.0,16466.0,16524.0,16631.0,16736.0,18313.0,18328.0,18332.0,18390.0,20912.0,21130.0,21113.0,21159.0,20387.0,20519.0,22936.0,22894.0,22923.0,22995.0,23064.0,24805.0
5205.0,11907.0,12758.0,12720.0,12792.0,12830.0,12885.0,13167.0,13015.0,13016.0,16618.0,16556.0,16696.0,16599.0,16559.0,16570.0,16544.0,16831.0,16791.0,16766.0,16772.0,16800.0,17107.0,17092.0,17079.0,17056.0,17065.0,17536.0,17477.0,17447.0,17436.0,17427.0,18530.0
9916.0,9614.0,10856.0,10833.0,10894.0,11016.0,11137.0,11618.0,11614.0,11737.0,12053.0,12083.0,12317.0,12367.0,12531.0,12744.0,12897.0,13002.0,13281.0,13438.0,13637.0,13747.0,13637.0,13944.0,14102.0,14381.0,14648.0,13904.0,14504.0,14809.0,15071.0,15533.0,13391.0
9913.0,5224.0,6923.0,6895.0,6940.0,6948.0,6967.0,7046.0,7002.0,7023.0,7036.0,6994.0,7094.0,7083.0,7110.0,7121.0,7139.0,7234.0,7287.0,7306.0,7333.0,7323.0,7590.0,7631.0,7640.0,7678.0,7739.0,8407.0,8382.0,8338.0,8337.0,8353.0,9761.0
9915.0,13690.0,14590.0,14500.0,14633.0,14879.0,14994.0,15956.0,15881.0,16158.0,16579.0,16766.0,17157.0,17219.0,17400.0,17715.0,17941.0,18158.0,18402.0,18571.0,18826.0,18969.0,18940.0,19471.0,19808.0,20137.0,20477.0,19654.0,20493.0,21104.0,21745.0,22702.0,19751.0
4606.0,20117.0,22839.0,22793.0,22931.0,23200.0,23399.0,25084.0,25016.0,25279.0,25452.0,25386.0,25865.0,25795.0,25899.0,26043.0,26186.0,25806.0,26132.0,26336.0,26512.0,26619.0,25626.0,26183.0,26588.0,26902.0,27280.0,25781.0,26969.0,27434.0,27813.0,28252.0,26821.0
6115.0,19734.0,21357.0,21718.0,22329.0,22772.0,23038.0,23041.0,23076.0,23187.0,23198.0,23107.0,23151.0,23186.0,23307.0,23318.0,23308.0,23108.0,23331.0,23398.0,23448.0,23447.0,23161.0,23392.0,23457.0,23538.0,23568.0,23497.0,23575.0,23605.0,23589.0,23644.0,23699.0
4820.0,5937.0,6691.0,6777.0,6879.0,7007.0,7109.0,7298.0,7204.0,7218.0,7239.0,7203.0,7255.0,7191.0,7190.0,7216.0,7207.0,7312.0,7330.0,7319.0,7320.0,7317.0,7386.0,7362.0,7346.0,7390.0,7407.0,7467.0,7443.0,7441.0,7435.0,7453.0,7482.0
9017.0,3871.0,4140.0,4155.0,4213.0,4261.0,4299.0,4344.0,4325.0,4353.0,4410.0,4405.0,4422.0,4432.0,4460.0,4465.0,4450.0,4384.0,4468.0,4517.0,4584.0,4603.0,4505.0,4584.0,4606.0,4621.0,4680.0,4586.0,4728.0,4828.0,4848.0,4874.0,5401.0
6123.0,9882.0,15825.0,15889.0,16251.0,16510.0,16764.0,17556.0,19054.0,19931.0,20573.0,23709.0,25352.0,27843.0,29310.0,30152.0,30881.0,30643.0,31659.0,32359.0,33214.0,34229.0,33765.0,35237.0,36191.0,36921.0,37387.0,37325.0,37789.0,38047.0,38248.0,38418.0,42368.0
6114.0,28785.0,32941.0,33352.0,34161.0,34654.0,35122.0,35227.0,35212.0,35328.0,35479.0,35293.0,35332.0,35284.0,35454.0,35657.0,35723.0,35432.0,35861.0,36207.0,36539.0,36775.0,36319.0,36914.0,37194.0,37366.0,37494.0,37416.0,37523.0,37626.0,37637.0,37676.0,38079.0
4607.0,9871.0,25412.0,26121.0,26183.0,26287.0,26369.0,27339.0,27113.0,27191.0,27365.0,27141.0,27453.0,27463.0,27621.0,27839.0,27982.0,27847.0,28097.0,28307.0,28465.0,28518.0,27564.0,28118.0,28389.0,28832.0,29143.0,27838.0,28676.0,29205.0,29597.0,30019.0,28314.0
6505.0,5019.0,13652.0,14433.0,14429.0,14522.0,14549.0,15008.0,14901.0,14963.0,15004.0,14902.0,15235.0,15172.0,15228.0,15224.0,15220.0,15210.0,15236.0,15283.0,15285.0,15267.0,15084.0,15175.0,15208.0,15253.0,15259.0,15008.0,15176.0,15214.0,15311.0,15386.0,15021.0
5020.0,24844.0,26150.0,26186.0,26472.0,26710.0,26910.0,27500.0,27180.0,27182.0,27245.0,27023.0,27255.0,27078.0,27082.0,27090.0,27064.0,27415.0,27315.0,27276.0,27267.0,27251.0,27506.0,27358.0,27369.0,27403.0,27480.0,27971.0,27573.0,27809.0,28112.0,28390.0,28634.0
6113.0,26856.0,31515.0,31816.0,32847.0,33651.0,34277.0,34479.0,35902.0,37397.0,38644.0,39003.0,39408.0,41239.0,42289.0,43466.0,44242.0,43878.0,45151.0,49264.0,49898.0,50305.0,49673.0,50673.0,51084.0,51441.0,51604.0,51500.0,51719.0,51829.0,51900.0,51950.0,53619.0
5010.0,17553.0,18644.0,18702.0,18914.0,19089.0,19278.0,19777.0,19528.0,19629.0,19607.0,19496.0,19647.0,19549.0,19582.0,19586.0,19602.0,19823.0,19767.0,19734.0,19732.0,19715.0,19906.0,19789.0,19771.0,19816.0,19869.0,20212.0,19664.0,19665.0,19843.0,20038.0,20601.0
6020.0,8399.0,14516.0,14487.0,14774.0,15117.0,15444.0,16811.0,20012.0,22183.0,23575.0,24336.0,26646.0,29520.0,31537.0,33022.0,34293.0,34052.0,35634.0,36411.0,37140.0,37995.0,37496.0,39100.0,39954.0,40705.0,41366.0,41306.0,42094.0,42520.0,42850.0,43123.0,45685.0
4900.0,1717.0,6710.0,8102.0,8314.0,8524.0,8875.0,10533.0,11184.0,11835.0,12604.0,13042.0,14066.0,14567.0,15122.0,15595.0,16189.0,18263.0,18710.0,19037.0,19312.0,19694.0,22712.0,23051.0,23302.0,23669.0,23974.0,26559.0,26721.0,26865.0,26949.0,27149.0,30538.0
6010.0,5722.0,9168.0,9120.0,9258.0,9441.0,9616.0,10307.0,12146.0,13573.0,14569.0,15053.0,16300.0,17703.0,18812.0,19566.0,20074.0,19907.0,20602.0,23009.0,23417.0,23836.0,23545.0,24418.0,25006.0,25469.0,25912.0,25853.0,26369.0,26630.0,26863.0,27151.0,30270.0
4400.0,19911.0,23259.0,23392.0,23829.0,24296.0,24584.0,24572.0,24674.0,24806.0,24954.0,24853.0,25671.0,25479.0,25483.0,25484.0,25579.0,26515.0,26407.0,26281.0,26268.0,26238.0,27367.0,27177.0,27096.0,27043.0,27003.0,28486.0,28323.0,28218.0,28075.0,27984.0,29686.0
9900.0,6169.0,6765.0,6780.0,6890.0,6941.0,6996.0,6870.0,6899.0,6986.0,7131.0,7118.0,6925.0,7028.0,7159.0,7233.0,7339.0,7407.0,7554.0,7692.0,7770.0,7817.0,8310.0,8392.0,8467.0,8611.0,8718.0,9944.0,10129.0,10200.0,10313.0,10496.0,10732.0
9904.0,9535.0,10346.0,10390.0,10588.0,10799.0,10958.0,10756.0,10933.0,11201.0,11362.0,11404.0,11077.0,11212.0,11373.0,11581.0,11775.0,11620.0,11923.0,12097.0,12334.0,12455.0,12699.0,13040.0,13176.0,13271.0,13445.0,13784.0,14178.0,14332.0,14600.0,14695.0,14998.0
9902.0,20223.0,21172.0,21327.0,21754.0,22102.0,22372.0,21963.0,22351.0,22747.0,23167.0,23189.0,22482.0,22815.0,23050.0,23396.0,23637.0,23568.0,23994.0,24292.0,24651.0,24881.0,25924.0,26400.0,26702.0,27104.0,27531.0,29573.0,30226.0,30612.0,31045.0,31487.0,33674.0
4810.0,8567.0,9524.0,9820.0,10034.0,10227.0,10409.0,10630.0,10549.0,10534.0,10564.0,10500.0,10621.0,10525.0,10538.0,10560.0,10579.0,10761.0,10764.0,10786.0,10794.0,10804.0,10913.0,10868.0,10873.0,10876.0,10850.0,10952.0,10910.0,10911.0,10946.0,10949.0,11108.0
5720.0,33186.0,36489.0,36791.0,37766.0,38337.0,38844.0,38983.0,39018.0,39197.0,39352.0,39101.0,39153.0,39197.0,39267.0,39402.0,39426.0,39128.0,39392.0,39593.0,39747.0,39747.0,39246.0,39752.0,39942.0,40032.0,40143.0,40071.0,40191.0,40201.0,40219.0,40210.0,41397.0
9901.0,6382.0,6248.0,6242.0,6258.0,6340.0,6447.0,6454.0,6495.0,6693.0,6826.0,6857.0,6913.0,6981.0,7061.0,7241.0,7391.0,7492.0,7703.0,7868.0,8083.0,8159.0,8577.0,8832.0,8912.0,9044.0,9223.0,10435.0,10691.0,10787.0,10932.0,11158.0,16026.0
5826.0,3908.0,4398.0,4467.0,4613.0,4758.0,4843.0,4858.0,4906.0,4960.0,4942.0,4902.0,4883.0,4907.0,4898.0,4918.0,4917.0,4878.0,4919.0,4994.0,5071.0,5129.0,5078.0,4968.0,5036.0,5104.0,5170.0,5167.0,5227.0,5299.0,5358.0,5380.0,5272.0
5825.0,2984.0,3151.0,3209.0,3279.0,3341.0,4337.0,4471.0,4698.0,4866.0,4966.0,5018.0,5079.0,5120.0,5120.0,5108.0,5129.0,5086.0,5156.0,5197.0,5263.0,5305.0,5255.0,5317.0,5369.0,5416.0,5431.0,5423.0,5433.0,5461.0,5451.0,5447.0,5666.0
5925.0,22210.0,24171.0,24358.0,24781.0,25160.0,25465.0,25587.0,25591.0,25663.0,25659.0,25472.0,25469.0,25354.0,25365.0,25401.0,25333.0,25152.0,25355.0,25506.0,25771.0,25785.0,25501.0,25746.0,25982.0,26155.0,26283.0,26230.0,26444.0,26566.0,26574.0,26559.0,26259.0
9015.0,13101.0,15100.0,15090.0,15271.0,15427.0,15573.0,15952.0,16025.0,16204.0,16251.0,16111.0,16614.0,16603.0,16687.0,16796.0,16789.0,16853.0,17001.0,17069.0,17096.0,17125.0,16909.0,17099.0,17153.0,17267.0,17360.0,16814.0,17232.0,17348.0,17556.0,17712.0,16714.0
4506.0,15204.0,16207.0,16284.0,16479.0,16677.0,16744.0,17304.0,17158.0,17139.0,17233.0,17053.0,17288.0,17155.0,17150.0,17114.0,17118.0,17260.0,17200.0,17117.0,17147.0,17175.0,17290.0,17272.0,17382.0,17542.0,17735.0,18143.0,18205.0,18344.0,18435.0,18573.0,18093.0
4605.0,20171.0,24351.0,24272.0,24420.0,24638.0,24815.0,26374.0,26398.0,26569.0,26732.0,26634.0,27284.0,27288.0,27442.0,27620.0,27781.0,27613.0,27903.0,28046.0,28233.0,28284.0,27765.0,28049.0,28244.0,28450.0,28559.0,28090.0,28490.0,28694.0,28901.0,29000.0,28735.0
9002.0,20862.0,23555.0,23610.0,23876.0,24186.0,24459.0,26231.0,26135.0,26495.0,27050.0,27102.0,29465.0,29562.0,29749.0,30088.0,30448.0,32818.0,33119.0,33414.0,33854.0,34052.0,34494.0,34875.0,35209.0,35613.0,36161.0,35570.0,36716.0,37230.0,38082.0,39260.0,35296.0
4226.0,14514.0,15760.0,15796.0,15985.0,16185.0,16459.0,17604.0,17526.0,17712.0,17937.0,17967.0,18576.0,18682.0,18883.0,19027.0,19080.0,19190.0,19294.0,19391.0,19427.0,19506.0,19415.0,19603.0,19604.0,19682.0,19786.0,19748.0,20005.0,20095.0,20174.0,20331.0,19906.0
4505.0,15208.0,15680.0,15784.0,15968.0,16094.0,16200.0,16674.0,16460.0,16497.0,16536.0,16376.0,16594.0,16463.0,16480.0,16464.0,16487.0,16773.0,16710.0,16676.0,16623.0,16567.0,16836.0,16773.0,16691.0,16652.0,16693.0,16854.0,16749.0,16715.0,16714.0,16675.0,16973.0
4225.0,11083.0,16815.0,16926.0,16915.0,17029.0,17057.0,17648.0,17445.0,17548.0,17618.0,17464.0,17884.0,17862.0,17951.0,18093.0,18140.0,18237.0,18312.0,18355.0,18375.0,18362.0,18273.0,18379.0,18434.0,18554.0,18645.0,18750.0,18943.0,19054.0,19188.0,19464.0,19772.0
5716.0,22441.0,25675.0,25775.0,26207.0,26657.0,27054.0,27207.0,27165.0,27357.0,27545.0,27394.0,27534.0,27449.0,27518.0,27597.0,27563.0,27324.0,27497.0,27510.0,27678.0,27705.0,27314.0,27566.0,27862.0,28044.0,28226.0,28175.0,28432.0,28541.0,28665.0,28802.0,29192.0
5916.0,32427.0,36224.0,36252.0,36710.0,37207.0,37567.0,37714.0,37590.0,37793.0,37932.0,37571.0,37605.0,37511.0,37582.0,37682.0,37624.0,37341.0,37592.0,37686.0,37897.0,37889.0,37425.0,37723.0,38008.0,38276.0,38517.0,38431.0,38930.0,39184.0,39269.0,39270.0,38968.0
4300.0,9986.0,10377.0,10480.0,10702.0,10890.0,11034.0,12396.0,12503.0,12578.0,12711.0,12646.0,13849.0,13964.0,14106.0,14217.0,14291.0,14065.0,14309.0,14462.0,14593.0,14683.0,14414.0,14619.0,14732.0,14826.0,14842.0,14466.0,14705.0,14832.0,14953.0,15091.0,15798.0
5815.0,4707.0,5167.0,5175.0,5262.0,5311.0,5374.0,5381.0,5383.0,5403.0,5398.0,5376.0,5367.0,5341.0,5345.0,5334.0,5326.0,5294.0,5329.0,5341.0,5368.0,5397.0,5334.0,5364.0,5438.0,5506.0,5537.0,5524.0,5616.0,5635.0,5626.0,5635.0,5560.0
9004.0,13871.0,18036.0,18120.0,18415.0,18709.0,18908.0,19839.0,19880.0,20003.0,20064.0,19955.0,20743.0,20812.0,20938.0,21010.0,21065.0,21138.0,21478.0,21655.0,21827.0,21850.0,22908.0,23252.0,23384.0,23517.0,23775.0,23583.0,24147.0,24335.0,24608.0,25064.0,23339.0
5715.0,16848.0,17445.0,17632.0,17954.0,18289.0,18523.0,18587.0,18552.0,18572.0,18544.0,18434.0,18429.0,18365.0,18384.0,18392.0,18349.0,18229.0,18378.0,18338.0,18389.0,18378.0,18135.0,18243.0,18343.0,18421.0,18458.0,18420.0,18438.0,18465.0,18436.0,18431.0,18557.0
3330.0,11292.0,12410.0,12417.0,12518.0,12611.0,12675.0,12922.0,13092.0,13305.0,13454.0,13359.0,13536.0,13691.0,13852.0,14001.0,14084.0,13963.0,14051.0,14103.0,14154.0,14152.0,14130.0,14200.0,14253.0,14329.0,14401.0,14414.0,14703.0,14852.0,14965.0,15072.0,15063.0
6506.0,11315.0,11461.0,11530.0,11687.0,11852.0,11988.0,12409.0,12342.0,12408.0,12524.0,12445.0,12659.0,12576.0,12671.0,12755.0,12774.0,12877.0,12950.0,12990.0,13056.0,13080.0,13001.0,13164.0,13225.0,13315.0,13363.0,13059.0,13288.0,13430.0,13533.0,13724.0,13126.0
5915.0,18724.0,19337.0,19302.0,19483.0,19729.0,20012.0,20096.0,20121.0,20287.0,20433.0,20371.0,20399.0,20353.0,20400.0,20439.0,20416.0,20280.0,20289.0,20369.0,20366.0,20389.0,20140.0,20319.0,20367.0,20425.0,20423.0,20397.0,20496.0,20555.0,20592.0,20610.0,20142.0
3905.0,7748.0,8674.0,8677.0,8820.0,8965.0,9146.0,8896.0,9156.0,9502.0,9868.0,10019.0,10341.0,10477.0,10573.0,10701.0,10815.0,10785.0,10909.0,11005.0,11140.0,11187.0,11290.0,11437.0,11519.0,11583.0,11709.0,11557.0,11850.0,12067.0,12149.0,12185.0,12138.0
4130.0,12193.0,16345.0,16397.0,16672.0,17046.0,17470.0,18019.0,18174.0,18492.0,18721.0,18733.0,19221.0,19295.0,19518.0,19681.0,19787.0,19953.0,20283.0,20475.0,20607.0,20653.0,20939.0,21288.0,21419.0,21659.0,21907.0,21704.0,21866.0,22015.0,22157.0,22311.0,22116.0
6930.0,10153.0,11379.0,11312.0,11362.0,11382.0,11395.0,11474.0,11414.0,11437.0,11408.0,11280.0,11355.0,11286.0,11256.0,11238.0,11194.0,11067.0,11125.0,11116.0,11156.0,11110.0,11094.0,11124.0,11126.0,11151.0,11162.0,11219.0,11214.0,11213.0,11208.0,11202.0,11162.0
3825.0,16256.0,17387.0,17614.0,17986.0,18287.0,18536.0,17737.0,18064.0,18455.0,18785.0,18871.0,18453.0,18746.0,18922.0,19244.0,19402.0,19366.0,19557.0,19719.0,19987.0,20094.0,19980.0,20463.0,20709.0,20932.0,21103.0,20472.0,20866.0,21197.0,21642.0,21807.0,21265.0
4120.0,16391.0,18835.0,18909.0,19179.0,19490.0,19916.0,20434.0,20303.0,20527.0,20702.0,20663.0,21100.0,21096.0,21201.0,21321.0,21356.0,21512.0,21596.0,21680.0,21695.0,21775.0,21638.0,21818.0,21960.0,22100.0,22250.0,22023.0,22196.0,22322.0,22463.0,22593.0,22318.0
3816.0,22293.0,22017.0,22264.0,22775.0,23025.0,23282.0,22698.0,22859.0,23201.0,23396.0,23386.0,23262.0,23295.0,23437.0,23536.0,23634.0,23594.0,23744.0,23882.0,24066.0,24197.0,23609.0,24333.0,24603.0,24885.0,24943.0,23865.0,24167.0,24638.0,24944.0,25117.0,23440.0
4210.0,14242.0,23431.0,23525.0,24053.0,24720.0,25329.0,26286.0,26265.0,26564.0,26895.0,26899.0,27606.0,27544.0,27766.0,27970.0,28201.0,28488.0,28788.0,28975.0,29183.0,29278.0,29346.0,29683.0,29885.0,30011.0,30277.0,30545.0,30843.0,31092.0,31365.0,31567.0,31178.0
9016.0,9584.0,11323.0,11359.0,11450.0,11532.0,11577.0,11806.0,11818.0,11850.0,11842.0,11748.0,12089.0,12062.0,12114.0,12234.0,12340.0,12457.0,12612.0,12604.0,12750.0,12710.0,12590.0,12761.0,12883.0,13024.0,13144.0,12647.0,12998.0,13234.0,13413.0,13645.0,12666.0
4005.0,10961.0,11889.0,11967.0,12201.0,12409.0,12609.0,12755.0,12827.0,13096.0,13514.0,13697.0,13716.0,13820.0,14053.0,14343.0,14570.0,14348.0,14713.0,14945.0,15195.0,15434.0,14761.0,15257.0,15537.0,15804.0,16010.0,14837.0,15696.0,16211.0,16832.0,17414.0,15398.0
4230.0,9276.0,9887.0,9849.0,9961.0,10027.0,10080.0,10251.0,10367.0,10497.0,10616.0,10653.0,10730.0,10803.0,10978.0,11120.0,11223.0,11105.0,11233.0,11305.0,11422.0,11476.0,11280.0,11447.0,11544.0,11691.0,11809.0,11558.0,11888.0,12099.0,12210.0,12307.0,11722.0
3815.0,17685.0,18724.0,18829.0,19080.0,19323.0,19440.0,18315.0,18727.0,18978.0,19111.0,19050.0,18443.0,18611.0,18812.0,18914.0,19060.0,19016.0,19276.0,19432.0,19575.0,19749.0,20305.0,20557.0,20739.0,20893.0,21011.0,20567.0,20859.0,20906.0,20977.0,20996.0,20821.0
3705.0,28086.0,29284.0,29332.0,29684.0,29998.0,30288.0,30664.0,30709.0,30672.0,30962.0,30840.0,33159.0,32963.0,33022.0,33175.0,33260.0,35311.0,35680.0,35890.0,36133.0,36286.0,37236.0,37520.0,37767.0,37995.0,38212.0,39037.0,39332.0,39441.0,39688.0,39890.0,40970.0
3900.0,4826.0,4995.0,5087.0,5204.0,5327.0,5436.0,5271.0,5415.0,5573.0,5648.0,5684.0,5738.0,5905.0,6013.0,6131.0,6584.0,6558.0,6666.0,6787.0,6967.0,7092.0,7287.0,7440.0,7552.0,7683.0,7803.0,7905.0,8078.0,8191.0,8205.0,8221.0,8196.0
4110.0,16569.0,18257.0,18238.0,18436.0,18734.0,19188.0,19794.0,19790.0,20113.0,20361.0,20374.0,21019.0,21054.0,21225.0,21401.0,21518.0,22112.0,22354.0,22485.0,22655.0,22754.0,22923.0,23221.0,23495.0,23782.0,24039.0,24338.0,24661.0,24956.0,25319.0,25690.0,25913.0
3416.0,20844.0,23302.0,23346.0,23479.0,23688.0,23995.0,24350.0,24284.0,24545.0,24762.0,24712.0,24901.0,24773.0,24901.0,25016.0,25041.0,25022.0,25163.0,25180.0,25232.0,25263.0,24683.0,25069.0,25220.0,25398.0,25587.0,24506.0,25134.0,25453.0,25763.0,25992.0,24369.0
3413.0,6337.0,7581.0,7606.0,7704.0,7835.0,7910.0,8060.0,8205.0,8432.0,8657.0,8677.0,8710.0,8920.0,9067.0,9241.0,9338.0,9139.0,9322.0,9436.0,9566.0,9640.0,9471.0,9643.0,9730.0,9799.0,9947.0,9751.0,10044.0,10144.0,10295.0,10493.0,10077.0
3706.0,15134.0,15548.0,15669.0,15913.0,16156.0,16330.0,16007.0,16223.0,16516.0,16774.0,16841.0,17085.0,17388.0,17599.0,17801.0,17929.0,17989.0,18155.0,18258.0,18382.0,18407.0,18349.0,18589.0,18793.0,18905.0,18985.0,19056.0,19153.0,19193.0,19224.0,19274.0,19657.0
3600.0,15774.0,18759.0,18732.0,18873.0,19035.0,19150.0,19271.0,19303.0,19402.0,19548.0,19474.0,19471.0,19652.0,19816.0,19888.0,20376.0,20042.0,20372.0,20548.0,20677.0,20738.0,20277.0,20580.0,20755.0,20912.0,21143.0,20765.0,21259.0,21604.0,21586.0,22000.0,21453.0
3415.0,19959.0,22595.0,22746.0,23113.0,23532.0,24090.0,24614.0,24759.0,25320.0,25910.0,26110.0,26619.0,26855.0,27253.0,27668.0,28075.0,28018.0,28582.0,28952.0,29331.0,29739.0,29140.0,29875.0,30200.0,30678.0,31126.0,29802.0,30752.0,31161.0,31492.0,32155.0,31266.0
3320.0,24122.0,28569.0,28561.0,28915.0,29409.0,29730.0,31058.0,30898.0,31014.0,31215.0,31015.0,31742.0,31763.0,31913.0,32078.0,32134.0,31902.0,32149.0,32258.0,32325.0,32253.0,31822.0,32106.0,32318.0,32472.0,32640.0,32229.0,32698.0,32877.0,33054.0,33242.0,33147.0
3505.0,32104.0,35275.0,35251.0,35564.0,36056.0,36650.0,36813.0,37215.0,38087.0,38920.0,39120.0,38486.0,38947.0,39462.0,39962.0,40395.0,39214.0,40062.0,40631.0,41227.0,41623.0,40336.0,41273.0,41665.0,42193.0,42678.0,41112.0,42223.0,42434.0,43072.0,43566.0,41720.0
3414.0,22793.0,24322.0,24370.0,24647.0,24990.0,25322.0,25392.0,25452.0,25971.0,26343.0,26356.0,25836.0,26015.0,26321.0,26505.0,26638.0,25932.0,25867.0,26154.0,26418.0,26567.0,25699.0,26295.0,26642.0,26861.0,27041.0,26029.0,26389.0,26683.0,27029.0,27208.0,26014.0
6900.0,6904.0,7788.0,7816.0,7884.0,7943.0,8048.0,8149.0,8212.0,8322.0,8396.0,8362.0,8460.0,8570.0,8670.0,8759.0,8843.0,8803.0,8898.0,8981.0,9046.0,9056.0,9053.0,9129.0,9122.0,9161.0,9263.0,9289.0,9582.0,9710.0,9840.0,9979.0,9738.0
2940.0,11049.0,14721.0,14784.0,15052.0,15385.0,15613.0,16642.0,17163.0,17572.0,17896.0,17906.0,17845.0,17939.0,18109.0,18349.0,18551.0,18244.0,18545.0,18779.0,19101.0,19273.0,18510.0,19169.0,19519.0,20039.0,20596.0,19274.0,20602.0,21153.0,21909.0,22643.0,20378.0
2216.0,14918.0,18105.0,18024.0,18282.0,18502.0,18672.0,19245.0,19329.0,19497.0,19600.0,19771.0,19756.0,19782.0,19887.0,19985.0,20003.0,19960.0,20140.0,20211.0,20304.0,20270.0,19543.0,19981.0,20186.0,20436.0,20678.0,19458.0,20233.0,20549.0,20848.0,21079.0,19272.0
3046.0,21809.0,22307.0,22446.0,22715.0,23033.0,23190.0,22566.0,22792.0,23009.0,23217.0,23156.0,23011.0,23123.0,23325.0,23412.0,23473.0,23513.0,23844.0,23969.0,24036.0,24080.0,24142.0,24322.0,24478.0,24643.0,24831.0,25022.0,25261.0,25308.0,25321.0,25360.0,26001.0
2225.0,10773.0,13691.0,13928.0,14122.0,14313.0,14436.0,15098.0,15276.0,15443.0,15619.0,16179.0,16252.0,16354.0,16459.0,16614.0,16698.0,17074.0,17221.0,17328.0,17502.0,18841.0,17865.0,18363.0,18633.0,18874.0,19122.0,18110.0,18914.0,19220.0,19503.0,19905.0,18623.0
3426.0,14512.0,17568.0,17570.0,17871.0,18244.0,18578.0,18759.0,18959.0,19405.0,19966.0,20009.0,19906.0,20118.0,20388.0,20891.0,21138.0,21105.0,21514.0,21796.0,22188.0,22338.0,21973.0,22437.0,22694.0,23001.0,23305.0,23002.0,23451.0,23700.0,24000.0,24329.0,23858.0
3427.0,16237.0,21724.0,21708.0,21965.0,22330.0,22621.0,23051.0,23081.0,23374.0,23782.0,23798.0,23972.0,24194.0,24544.0,24858.0,25001.0,24574.0,24963.0,25196.0,25428.0,25631.0,25028.0,25588.0,25832.0,26054.0,26308.0,25362.0,26050.0,26335.0,26607.0,26884.0,25665.0
3045.0,25172.0,25637.0,25683.0,25932.0,26149.0,26480.0,25994.0,26056.0,26388.0,26674.0,26649.0,27214.0,27349.0,27639.0,27862.0,27924.0,28589.0,28800.0,29014.0,29241.0,29346.0,29994.0,30164.0,30250.0,30261.0,30348.0,30526.0,30548.0,30588.0,30636.0,30742.0,30920.0
3310.0,13410.0,19102.0,19065.0,19236.0,19542.0,19818.0,20386.0,20297.0,20549.0,20855.0,20900.0,21451.0,21389.0,21476.0,21665.0,32880.0,21713.0,23231.0,24226.0,25136.0,25576.0,22581.0,23952.0,24568.0,25231.0,25948.0,22754.0,24538.0,25372.0,26160.0,26913.0,23290.0
3030.0,28703.0,34021.0,34133.0,34631.0,35193.0,35623.0,37277.0,37575.0,38374.0,39299.0,39513.0,40300.0,40518.0,41161.0,41993.0,42677.0,42816.0,43631.0,44314.0,44961.0,45302.0,44410.0,45559.0,46364.0,47354.0,48378.0,45847.0,47937.0,48968.0,49880.0,50829.0,46411.0
3130.0,14302.0,15059.0,15149.0,15404.0,15611.0,15811.0,15895.0,15880.0,15975.0,16082.0,16067.0,16256.0,16239.0,16286.0,16358.0,16378.0,16504.0,16567.0,16547.0,16591.0,16611.0,16770.0,16839.0,16891.0,16989.0,17039.0,17092.0,17219.0,17204.0,17311.0,17404.0,17573.0
3010.0,40732.0,40442.0,40489.0,40887.0,41293.0,42449.0,41744.0,41786.0,42074.0,42346.0,42001.0,42855.0,42697.0,42860.0,43002.0,43168.0,44192.0,44305.0,44426.0,44554.0,44670.0,45478.0,45685.0,45759.0,45847.0,45933.0,46366.0,46332.0,46358.0,46438.0,46496.0,46999.0
3020.0,21288.0,21767.0,21672.0,21832.0,22004.0,23337.0,22915.0,23059.0,23212.0,23346.0,23163.0,23618.0,23500.0,23532.0,23636.0,23644.0,24212.0,24339.0,24362.0,24420.0,24423.0,24483.0,24692.0,24863.0,24957.0,25070.0,25301.0,25446.0,25557.0,25794.0,25897.0,26190.0
3425.0,13924.0,17803.0,17731.0,17876.0,18006.0,18157.0,18415.0,18479.0,18780.0,19064.0,19086.0,19571.0,19707.0,19887.0,20107.0,20307.0,20933.0,21201.0,21347.0,21500.0,21555.0,22161.0,22327.0,22454.0,22587.0,22744.0,23175.0,23028.0,23023.0,23119.0,23227.0,23546.0
2100.0,17543.0,18579.0,18576.0,18797.0,19104.0,19228.0,19382.0,19622.0,19956.0,20182.0,19990.0,20473.0,20674.0,20854.0,21024.0,21121.0,21893.0,21914.0,21904.0,21991.0,21982.0,23217.0,23292.0,23292.0,23321.0,23350.0,24175.0,24401.0,24410.0,24474.0,24503.0,25089.0
1606.0,11350.0,11818.0,11792.0,11885.0,12016.0,12084.0,12271.0,12283.0,12330.0,12388.0,14279.0,12624.0,12763.0,12853.0,12948.0,12980.0,12833.0,12931.0,13001.0,13048.0,13033.0,13545.0,13598.0,13593.0,13596.0,13581.0,14378.0,14399.0,14362.0,14368.0,14417.0,15067.0
2215.0,14450.0,16827.0,16836.0,16984.0,17168.0,17246.0,17757.0,17750.0,17878.0,18002.0,17898.0,17896.0,17811.0,17875.0,17978.0,17998.0,17899.0,18011.0,18050.0,18150.0,18160.0,17466.0,17862.0,18049.0,18170.0,18325.0,17096.0,17733.0,17989.0,18210.0,18416.0,16671.0
1720.0,24168.0,25037.0,25269.0,25758.0,26256.0,26509.0,26859.0,26984.0,27073.0,27171.0,26954.0,28775.0,29135.0,29331.0,29427.0,29444.0,30078.0,29965.0,30007.0,29982.0,29939.0,31221.0,31096.0,31046.0,31007.0,30912.0,32897.0,32755.0,32639.0,32575.0,32490.0,34356.0
3120.0,22853.0,23404.0,23406.0,23761.0,23937.0,24124.0,24090.0,24167.0,24220.0,24299.0,24123.0,24185.0,24096.0,24092.0,24103.0,24100.0,24076.0,24154.0,24169.0,24215.0,24195.0,24398.0,24484.0,24521.0,24554.0,24668.0,24840.0,25011.0,25022.0,25406.0,25696.0,26138.0
1900.0,236.0,515.0,860.0,888.0,890.0,912.0,937.0,952.0,972.0,984.0,980.0,988.0,985.0,984.0,985.0,984.0,984.0,984.0,982.0,980.0,989.0,1201.0,1203.0,1193.0,1185.0,1157.0,1471.0,1490.0,1485.0,1478.0,1465.0,1806.0
3110.0,7299.0,8555.0,8603.0,8687.0,8809.0,8924.0,8856.0,8964.0,9141.0,9335.0,9331.0,8726.0,8942.0,9153.0,9324.0,9429.0,8450.0,8861.0,9072.0,9260.0,9356.0,8170.0,8708.0,8967.0,9104.0,9256.0,7884.0,8624.0,8924.0,9089.0,9257.0,7683.0
3200.0,18807.0,19443.0,19411.0,19661.0,19803.0,19843.0,19948.0,19834.0,20026.0,20191.0,20118.0,20341.0,20312.0,20361.0,20482.0,20669.0,20892.0,21037.0,21103.0,21114.0,21132.0,21240.0,21351.0,21422.0,21550.0,21683.0,21272.0,21661.0,21848.0,22024.0,22281.0,21177.0
1605.0,15760.0,16176.0,16185.0,16282.0,16503.0,16578.0,16489.0,16739.0,16992.0,17058.0,17008.0,17303.0,17236.0,17304.0,17388.0,17414.0,17714.0,17672.0,17628.0,17601.0,17572.0,18533.0,18461.0,18408.0,18352.0,18320.0,19577.0,19475.0,19387.0,19344.0,19257.0,20486.0
2000.0,6097.0,10503.0,10722.0,10886.0,11017.0,11146.0,11002.0,11118.0,11295.0,11432.0,11572.0,11914.0,12075.0,12262.0,12529.0,12737.0,12853.0,13050.0,13293.0,13465.0,13549.0,13606.0,14122.0,14385.0,14558.0,14743.0,15146.0,15694.0,15896.0,16014.0,16141.0,16806.0
1820.0,4937.0,5887.0,5874.0,6019.0,6131.0,6246.0,6392.0,6557.0,6636.0,6716.0,6685.0,7427.0,7624.0,7689.0,7710.0,7737.0,7877.0,7882.0,7867.0,7878.0,7882.0,9798.0,9716.0,9641.0,9549.0,9500.0,12891.0,12786.0,12691.0,12535.0,12430.0,17820.0
1200.0,13619.0,15753.0,15744.0,15867.0,16024.0,16103.0,17180.0,17201.0,17339.0,17495.0,17431.0,18358.0,18386.0,18526.0,18708.0,18780.0,19533.0,19622.0,19659.0,19773.0,19738.0,20520.0,20567.0,20524.0,20488.0,20486.0,21241.0,21356.0,21331.0,21366.0,21420.0,22206.0
1710.0,19505.0,20568.0,20639.0,21006.0,21161.0,21357.0,21662.0,21966.0,22113.0,22146.0,21986.0,24903.0,25989.0,26344.0,26506.0,26529.0,28214.0,28187.0,28176.0,28172.0,28182.0,30288.0,30116.0,30038.0,29971.0,29861.0,33398.0,33235.0,33083.0,32856.0,32644.0,36362.0
1810.0,3240.0,4130.0,4146.0,4222.0,4276.0,4316.0,4445.0,4639.0,4688.0,4699.0,4662.0,5821.0,6418.0,6613.0,6675.0,6680.0,8056.0,8271.0,8317.0,8346.0,8339.0,10323.0,10245.0,10150.0,10045.0,9927.0,13462.0,13307.0,13150.0,13017.0,12904.0,17117.0
900.0,8314.0,9606.0,9708.0,9902.0,10041.0,10227.0,10381.0,10452.0,10630.0,10690.0,10743.0,11204.0,11214.0,11354.0,11444.0,11493.0,11930.0,12064.0,12133.0,12128.0,12125.0,12381.0,12492.0,12504.0,12548.0,12594.0,12956.0,13008.0,13001.0,12996.0,13005.0,13062.0
806.0,15422.0,28455.0,32949.0,33311.0,33820.0,34321.0,33544.0,33964.0,34480.0,35042.0,36183.0,33402.0,33976.0,34648.0,35124.0,35624.0,33269.0,34472.0,35153.0,35755.0,36069.0,33267.0,34719.0,35341.0,36014.0,36750.0,33480.0,35456.0,36349.0,37003.0,37899.0,35541.0
1506.0,20656.0,21262.0,21225.0,21388.0,21623.0,21845.0,22459.0,22628.0,22849.0,22976.0,23021.0,24254.0,23996.0,23987.0,24025.0,24101.0,26121.0,26096.0,26019.0,26017.0,25944.0,29383.0,29332.0,29321.0,29324.0,29266.0,32732.0,32496.0,32292.0,32131.0,31984.0,37080.0
1410.0,12981.0,13488.0,13526.0,13768.0,13925.0,14070.0,14283.0,14395.0,14460.0,14474.0,14432.0,15931.0,16382.0,16568.0,16683.0,16754.0,17867.0,17966.0,17928.0,18027.0,17983.0,19226.0,19222.0,19153.0,19064.0,18943.0,20916.0,20806.0,20721.0,20536.0,20426.0,22839.0
1505.0,15543.0,18105.0,18234.0,18477.0,18666.0,18792.0,19312.0,19243.0,19326.0,19454.0,19357.0,20080.0,19830.0,19786.0,19782.0,19816.0,21313.0,21222.0,21159.0,21127.0,21089.0,21823.0,21868.0,21916.0,21916.0,21901.0,23757.0,23603.0,23547.0,23424.0,23312.0,26408.0
1330.0,19124.0,21173.0,22102.0,22431.0,22678.0,22892.0,23156.0,23175.0,23451.0,23621.0,23590.0,24411.0,24521.0,24718.0,24876.0,24906.0,25715.0,25639.0,25615.0,25556.0,25520.0,26708.0,26579.0,26487.0,26396.0,26320.0,27706.0,27559.0,27452.0,27329.0,27252.0,28558.0
1000.0,9466.0,9950.0,9967.0,10167.0,10319.0,10417.0,10592.0,10575.0,10632.0,10636.0,10541.0,10528.0,10521.0,10523.0,10538.0,10591.0,10490.0,10599.0,10630.0,10704.0,10690.0,10190.0,10429.0,10527.0,10641.0,10706.0,9962.0,10333.0,10525.0,10610.0,10733.0,9660.0
1320.0,17131.0,17321.0,17404.0,17687.0,17907.0,18055.0,18208.0,18233.0,18243.0,18201.0,18058.0,18284.0,18150.0,18153.0,18160.0,18143.0,18306.0,18227.0,18195.0,18177.0,18113.0,18815.0,18728.0,18718.0,18674.0,18652.0,19707.0,19609.0,19575.0,19511.0,19474.0,20509.0
1420.0,11413.0,12806.0,12824.0,12999.0,13129.0,13288.0,13317.0,13424.0,13592.0,13754.0,13713.0,16807.0,17725.0,18092.0,18396.0,18618.0,22434.0,22906.0,23161.0,23422.0,23627.0,30962.0,30667.0,30381.0,30142.0,29941.0,37922.0,37619.0,37332.0,37008.0,36635.0,45067.0
1130.0,4026.0,4630.0,4679.0,4762.0,4831.0,4856.0,4920.0,4972.0,5061.0,5197.0,5242.0,5356.0,5519.0,5618.0,5755.0,5838.0,5875.0,6024.0,6096.0,6186.0,6254.0,6218.0,6447.0,6587.0,6664.0,6767.0,6304.0,6724.0,6883.0,7092.0,7203.0,6770.0
1116.0,13171.0,13910.0,14028.0,14420.0,14641.0,14892.0,15455.0,15589.0,15858.0,16155.0,16204.0,16520.0,16616.0,16750.0,16975.0,17151.0,17606.0,17855.0,18025.0,18282.0,18353.0,19477.0,19772.0,19949.0,20117.0,20294.0,23713.0,24087.0,24235.0,24384.0,24627.0,28515.0
1310.0,23867.0,25345.0,25425.0,25756.0,26131.0,26345.0,26600.0,26859.0,27244.0,27449.0,27273.0,28090.0,28327.0,28597.0,28643.0,28758.0,29356.0,29361.0,29386.0,29362.0,29338.0,30600.0,30441.0,30370.0,30294.0,30283.0,32006.0,31877.0,31814.0,31699.0,31595.0,33372.0
805.0,15703.0,19325.0,19658.0,19967.0,20198.0,20416.0,19806.0,20177.0,20719.0,21131.0,22223.0,20268.0,20987.0,21615.0,22182.0,22606.0,20704.0,21640.0,22209.0,22809.0,23076.0,20707.0,22024.0,22670.0,23211.0,23710.0,20767.0,22469.0,23176.0,23801.0,24233.0,20505.0
1115.0,8800.0,11221.0,11225.0,11348.0,11467.0,11594.0,12005.0,11971.0,12137.0,12286.0,12294.0,12428.0,12519.0,12678.0,12874.0,13089.0,13432.0,13738.0,14042.0,14374.0,14489.0,14679.0,15263.0,15515.0,15762.0,16038.0,15832.0,16549.0,16884.0,17145.0,17414.0,16935.0
205.0,10616.0,10912.0,10903.0,11024.0,11158.0,11248.0,11433.0,11368.0,11406.0,11458.0,11405.0,11983.0,11911.0,11921.0,11913.0,11889.0,12547.0,12467.0,12427.0,12393.0,12368.0,13526.0,13438.0,13343.0,13254.0,13181.0,14812.0,14710.0,14587.0,14452.0,14360.0,15739.0
136.0,10950.0,10453.0,10504.0,10614.0,10784.0,10898.0,11081.0,11019.0,11069.0,11093.0,10999.0,11555.0,11529.0,11529.0,11564.0,11561.0,12098.0,11982.0,11964.0,11918.0,11897.0,12813.0,12737.0,12667.0,12622.0,12542.0,13576.0,13456.0,13359.0,13295.0,13215.0,13842.0
1120.0,26542.0,29621.0,29619.0,29906.0,30369.0,30630.0,31398.0,31473.0,31817.0,32324.0,32376.0,32738.0,32865.0,33128.0,33546.0,33885.0,34439.0,34889.0,35152.0,35432.0,35614.0,35659.0,36569.0,37111.0,37586.0,38147.0,37450.0,38702.0,39275.0,39865.0,40458.0,40519.0
705.0,12911.0,18466.0,18767.0,19262.0,19803.0,20230.0,20522.0,20919.0,21260.0,21546.0,24488.0,24879.0,25135.0,25426.0,25663.0,25799.0,26434.0,26969.0,27365.0,27862.0,32721.0,31008.0,32087.0,32662.0,33217.0,33846.0,31420.0,32783.0,33579.0,34170.0,34796.0,31449.0
120.0,10692.0,10911.0,10955.0,11061.0,11188.0,11284.0,11235.0,11260.0,11322.0,11373.0,11311.0,11656.0,11748.0,11907.0,11964.0,11990.0,12175.0,12344.0,12426.0,12476.0,12495.0,12419.0,12648.0,12721.0,12756.0,12801.0,12717.0,12971.0,13012.0,13007.0,13050.0,12805.0
325.0,17046.0,21833.0,21824.0,22045.0,22258.0,22468.0,22917.0,22647.0,22728.0,22732.0,22642.0,22735.0,22786.0,22877.0,23047.0,23166.0,23245.0,23415.0,23497.0,23722.0,23803.0,22124.0,22906.0,23410.0,23818.0,24194.0,21550.0,22920.0,23473.0,23934.0,24264.0,20599.0
135.0,14030.0,15090.0,15117.0,15310.0,15515.0,15671.0,15940.0,15850.0,15974.0,16148.0,16128.0,17821.0,17913.0,18099.0,18234.0,18250.0,19117.0,19074.0,19004.0,18941.0,18919.0,20283.0,20154.0,20091.0,20035.0,20026.0,21525.0,21402.0,21387.0,21302.0,21278.0,22425.0
706.0,10729.0,12141.0,12153.0,12265.0,12378.0,12443.0,13030.0,13123.0,13196.0,13215.0,13152.0,13690.0,13659.0,13711.0,13748.0,13779.0,14225.0,14242.0,14222.0,14272.0,14258.0,14763.0,14830.0,14858.0,14923.0,15034.0,15326.0,15588.0,15654.0,15759.0,15939.0,15735.0
206.0,11727.0,12074.0,12100.0,12293.0,12399.0,12521.0,12768.0,12655.0,12658.0,12638.0,12581.0,13715.0,13673.0,13721.0,13728.0,13723.0,14498.0,14403.0,14354.0,14297.0,14209.0,16779.0,16634.0,16537.0,16397.0,16251.0,20429.0,20276.0,20177.0,20066.0,19905.0,27572.0
2910.0,1480.0,3339.0,3309.0,3337.0,3381.0,3414.0,3533.0,3517.0,3543.0,3568.0,3546.0,3526.0,3500.0,3535.0,3555.0,3572.0,3539.0,3572.0,3628.0,3638.0,3653.0,3515.0,3580.0,3609.0,3673.0,3732.0,3491.0,3674.0,3766.0,3832.0,3925.0,3492.0
315.0,12438.0,13255.0,13334.0,13480.0,13678.0,13838.0,14035.0,13913.0,13939.0,13994.0,13898.0,13924.0,13895.0,13956.0,13973.0,13973.0,13997.0,14050.0,14129.0,14177.0,14261.0,13073.0,13617.0,13836.0,14028.0,14221.0,12364.0,13283.0,13647.0,13959.0,14125.0,11755.0
2935.0,8145.0,7586.0,7585.0,7652.0,7746.0,7884.0,16580.0,16313.0,16323.0,16326.0,16168.0,17078.0,16904.0,16920.0,16918.0,16800.0,17912.0,17935.0,17945.0,17954.0,17942.0,17373.0,17516.0,17582.0,17604.0,17615.0,17073.0,17367.0,17457.0,17440.0,17409.0,16858.0
605.0,18001.0,19495.0,19890.0,20124.0,20317.0,20541.0,21187.0,21252.0,21418.0,21683.0,21709.0,21791.0,21920.0,22097.0,22413.0,22702.0,22703.0,23049.0,23343.0,23704.0,23885.0,22075.0,23184.0,23740.0,24224.0,24665.0,21734.0,23518.0,24181.0,24998.0,25681.0,21443.0
606.0,13204.0,18619.0,18734.0,18849.0,19060.0,19283.0,19974.0,20041.0,20446.0,20923.0,21350.0,21480.0,21756.0,21995.0,22427.0,22439.0,22564.0,23286.0,23655.0,24122.0,24431.0,22447.0,23764.0,24498.0,25287.0,26015.0,22619.0,24709.0,25773.0,26702.0,27669.0,22898.0
506.0,14300.0,22449.0,23052.0,23193.0,23516.0,23811.0,24684.0,24716.0,25014.0,25405.0,27012.0,27094.0,27103.0,27355.0,27731.0,27954.0,27986.0,28302.0,28481.0,28869.0,36296.0,33305.0,34409.0,34900.0,35416.0,35883.0,31519.0,33146.0,33761.0,34514.0,35136.0,29119.0
110.0,4683.0,4628.0,4605.0,4678.0,4763.0,4799.0,4888.0,4894.0,4891.0,4906.0,4808.0,5535.0,5514.0,5535.0,5545.0,5525.0,5755.0,5716.0,5687.0,5680.0,5649.0,6152.0,6103.0,6068.0,6032.0,5994.0,6540.0,6467.0,6394.0,6352.0,6305.0,6696.0
505.0,26769.0,43557.0,45900.0,46607.0,47635.0,48662.0,50282.0,50152.0,50940.0,51764.0,54116.0,54346.0,54520.0,54811.0,54924.0,55401.0,55472.0,56133.0,56571.0,57313.0,57426.0,52802.0,55039.0,56169.0,57350.0,58574.0,51308.0,55319.0,57159.0,58828.0,60525.0,50378.0
2936.0,13336.0,13520.0,14859.0,15316.0,15714.0,15998.0,10874.0,11934.0,12604.0,12989.0,13029.0,11081.0,11525.0,11828.0,12037.0,12172.0,11735.0,12044.0,12171.0,12235.0,12258.0,12311.0,12434.0,12497.0,12554.0,12625.0,13045.0,13111.0,13192.0,13290.0,13367.0,13951.0
405.0,16416.0,20757.0,21108.0,21451.0,21807.0,22034.0,22463.0,22324.0,22537.0,22707.0,23121.0,23254.0,23315.0,23463.0,23767.0,23967.0,24067.0,24479.0,24691.0,24959.0,25098.0,23166.0,24214.0,24641.0,25188.0,25637.0,22171.0,23962.0,24605.0,25251.0,25938.0,21231.0
2926.0,20199.0,23649.0,23656.0,23849.0,24017.0,24188.0,24787.0,24714.0,24783.0,24832.0,25451.0,25399.0,25155.0,25174.0,25240.0,25267.0,24877.0,25107.0,25211.0,25311.0,25303.0,24321.0,24854.0,25012.0,25303.0,25648.0,23910.0,24875.0,25265.0,25776.0,26233.0,23703.0
2925.0,11856.0,16175.0,16195.0,16386.0,16516.0,16594.0,17016.0,17023.0,17114.0,17101.0,16970.0,17009.0,17000.0,17029.0,17117.0,17142.0,16869.0,17009.0,17178.0,17320.0,17357.0,16750.0,17110.0,17303.0,17550.0,17914.0,16826.0,17727.0,18072.0,18541.0,19032.0,17215.0
2927.0,4014.0,5350.0,5354.0,5465.0,5528.0,5547.0,5819.0,5857.0,5942.0,6041.0,5956.0,6210.0,6199.0,6253.0,6333.0,6385.0,6543.0,6641.0,6724.0,6864.0,6919.0,6860.0,7058.0,7134.0,7321.0,7560.0,7361.0,7796.0,7978.0,8195.0,8575.0,8130.0
