area_type_id,bellevue_cbd,district_id,faz_id,seattle_cbd,travel_time_to_cbd,zone_id
4,0,2,2927,0,0,3466
4,0,2,2927,0,0,3464
4,0,2,2927,0,0,3465
4,0,2,2927,0,0,3463
4,0,2,2910,0,0,3448
4,0,2,2927,0,0,3449
4,0,2,2925,0,0,3461
4,0,2,2910,0,0,3447
4,0,2,2925,0,0,3460
4,0,2,2925,0,0,3462
4,0,2,2926,0,0,3451
4,0,2,2925,0,0,3457
4,0,2,2926,0,0,3452
4,0,2,2925,0,0,3453
4,0,2,2925,0,0,3459
4,0,2,2926,0,0,3450
4,0,2,2925,0,0,3454
4,0,2,2925,0,0,3456
4,0,2,2926,0,0,3442
4,0,2,2925,0,0,3458
4,0,1,2935,0,0,3355
4,0,2,2925,0,0,3439
4,0,2,2910,0,0,3445
4,0,2,2925,0,0,3455
4,0,2,2926,0,0,3443
4,0,2,2926,0,0,3444
4,0,2,2926,0,0,3441
4,0,1,2935,0,0,3357
4,0,2,2926,0,0,3440
4,0,2,2926,0,0,3438
4,0,1,2935,0,0,3354
4,0,2,505,0,0,3431
4,0,2,505,0,0,3437
4,0,2,506,0,0,3426
4,0,2,2910,0,0,3446
4,0,2,505,0,0,3433
4,0,2,2926,0,0,3423
4,0,2,505,0,0,3428
4,0,2,505,0,0,3429
4,0,2,405,0,0,3436
4,0,1,2935,0,0,3356
4,0,1,2935,0,0,3353
4,0,2,505,0,0,3434
4,0,2,705,0,0,3422
4,0,2,2910,0,0,3421
4,0,2,506,0,0,3424
4,0,2,505,0,0,3430
4,0,2,506,0,0,3425
4,0,2,505,0,0,3432
4,0,2,706,0,0,3420
4,0,2,505,0,0,3427
4,0,2,405,0,0,3435
4,0,1,2935,0,0,3352
4,0,1,2935,0,0,3077
4,0,1,2936,0,0,3076
4,0,2,705,0,0,3412
4,0,1,2935,0,0,3351
4,0,2,505,0,0,3405
4,0,2,505,0,0,3408
4,0,2,505,0,0,3406
4,0,1,2936,0,0,3075
4,0,2,405,0,0,3398
4,0,2,405,0,0,3402
4,0,1,2935,0,0,3350
4,0,2,405,0,0,3400
4,0,2,506,0,0,3410
4,0,2,506,0,0,3409
4,0,2,706,0,0,3419
4,0,1,2935,0,0,3349
4,0,2,705,0,0,3413
4,0,2,605,0,0,3404
4,0,1,2936,0,0,3074
4,0,2,405,0,0,3397
4,0,2,506,0,0,3411
4,0,2,605,0,0,3403
4,0,2,706,0,0,3417
4,0,2,505,0,0,3407
4,0,2,405,0,0,3399
4,0,2,605,0,0,3401
4,0,2,705,0,0,3415
4,0,2,606,0,0,3385
4,0,2,506,0,0,3380
4,0,1,2936,0,0,3073
4,0,1,110,0,0,3060
4,0,2,706,0,0,3418
4,0,2,605,0,0,3390
4,0,1,110,0,0,3061
4,0,2,505,0,0,3382
4,0,2,606,0,0,3386
4,0,1,2935,0,0,3346
4,0,1,110,0,0,3347
4,0,2,605,0,0,3393
4,0,2,315,0,0,3395
4,0,2,506,0,0,3379
4,0,2,606,0,0,3383
4,0,2,605,0,0,3387
4,0,2,605,0,0,3389
4,0,2,315,0,0,3396
4,0,2,606,0,0,3384
4,0,2,706,0,0,3302
4,0,1,2935,0,0,3070
4,0,2,506,0,0,3377
4,0,2,1120,0,0,3378
4,0,2,605,0,0,3391
4,0,2,606,0,0,3381
4,0,2,315,0,0,3392
4,0,1,2935,0,0,3348
4,0,2,315,0,0,3394
4,0,2,605,0,0,3388
4,0,2,705,0,0,3416
4,0,1,2935,0,0,3071
4,0,2,705,0,0,3414
4,0,1,135,0,0,3059
4,0,2,1120,0,0,3376
4,0,1,135,0,0,3067
4,0,2,605,0,0,3368
4,0,2,315,0,0,3366
4,0,2,315,0,0,3364
4,0,1,206,0,0,3054
4,0,1,206,0,0,3345
4,0,1,135,0,0,3064
4,0,2,315,0,0,3362
4,0,2,706,0,0,3305
4,0,2,606,0,0,3374
4,0,2,606,0,0,3373
4,0,2,606,0,0,3372
4,0,2,606,0,0,3371
4,0,2,605,0,0,3370
4,0,2,605,0,0,3369
4,0,1,135,0,0,3066
4,0,2,706,0,0,3303
4,0,2,1120,0,0,3375
4,0,2,315,0,0,3359
4,0,1,135,0,0,3058
4,0,1,135,0,0,3063
4,0,1,135,0,0,3056
4,0,1,206,0,0,3055
4,0,2,315,0,0,3361
4,0,2,1120,0,0,3312
4,0,2,325,0,0,3367
4,0,2,315,0,0,3365
4,0,2,315,0,0,3363
4,0,1,206,0,0,3052
4,0,2,705,0,0,3311
4,0,1,120,0,0,3069
4,0,2,315,0,0,3360
4,0,1,135,0,0,3057
4,0,2,315,0,0,3358
4,0,1,135,0,0,3062
4,0,2,805,0,0,3306
4,0,1,206,0,0,3053
4,0,1,135,0,0,3065
4,0,2,805,0,0,3307
4,0,2,706,0,0,3304
4,0,2,1115,0,0,3322
4,0,2,1115,0,0,3319
4,0,2,1115,0,0,3317
4,0,2,605,0,0,3325
4,0,2,605,0,0,3328
4,0,1,120,0,0,3068
4,0,2,806,0,0,3309
4,0,2,325,0,0,3330
4,0,2,325,0,0,3334
4,0,2,706,0,0,3301
4,0,2,315,0,0,3338
4,0,1,206,0,0,3051
4,0,2,805,0,0,3308
4,0,2,315,0,0,3341
4,0,2,325,0,0,3333
2,0,5,6900,0,0,2080
4,0,2,1115,0,0,3321
4,0,1,205,0,0,3050
4,0,1,206,0,0,3047
4,0,1,135,0,0,3044
4,0,2,605,0,0,3324
4,0,1,2940,0,0,2693
4,0,2,605,0,0,3327
4,0,2,1120,0,0,3313
4,0,1,120,0,0,3040
4,0,2,706,0,0,3300
4,0,2,1120,0,0,3314
4,0,1,120,0,0,3038
4,0,1,135,0,0,3043
4,0,2,1120,0,0,3315
4,0,1,135,0,0,3042
4,0,2,806,0,0,3310
4,0,1,2935,0,0,3344
4,0,2,325,0,0,3337
4,0,2,325,0,0,3340
4,0,1,135,0,0,3041
4,0,2,325,0,0,3332
4,0,2,1115,0,0,3318
4,0,2,1115,0,0,3316
4,0,1,205,0,0,3049
4,0,2,325,0,0,3329
4,0,1,206,0,0,3048
4,0,1,206,0,0,3046
4,0,2,325,0,0,3335
4,0,2,1115,0,0,3320
4,0,1,120,0,0,3039
4,0,2,1000,0,0,3326
4,0,2,1000,0,0,3323
4,0,2,325,0,0,3331
4,0,2,325,0,0,3343
4,0,1,135,0,0,3045
4,0,1,120,0,0,3072
4,0,1,135,0,0,3028
4,0,1,120,0,0,3037
4,0,2,325,0,0,3336
4,0,2,1120,0,0,3292
4,0,2,325,0,0,3339
4,0,2,325,0,0,3342
4,0,1,205,0,0,3017
4,0,1,135,0,0,3026
4,0,2,805,0,0,3297
4,0,2,706,0,0,3299
4,0,1,120,0,0,3035
4,0,1,206,0,0,3024
4,0,1,120,0,0,3036
4,0,1,206,0,0,3022
4,0,2,1116,0,0,3283
4,0,1,120,0,0,3034
4,0,1,135,0,0,3029
4,0,2,805,0,0,3295
4,0,1,120,0,0,3033
4,0,1,205,0,0,3019
4,0,1,205,0,0,3020
4,0,1,205,0,0,3018
4,0,2,325,0,0,3262
4,0,2,805,0,0,3298
2,0,5,6900,0,0,2081
4,0,2,1116,0,0,3280
2,0,5,3200,0,0,2078
4,0,2,1115,0,0,3279
4,0,1,135,0,0,3025
4,0,2,325,0,0,3273
4,0,2,1120,0,0,3286
4,0,2,325,0,0,3275
4,0,2,1000,0,0,3277
4,0,1,206,0,0,3023
4,0,2,325,0,0,3271
4,0,1,135,0,0,3027
4,0,1,120,0,0,3030
4,0,1,120,0,0,3032
4,0,3,1310,0,0,3269
4,0,3,1310,0,0,3267
4,0,1,120,0,0,3031
4,0,3,1310,0,0,3265
4,0,2,1120,0,0,3289
2,0,5,6900,0,0,2079
4,0,3,1310,0,0,3263
4,0,2,805,0,0,3296
4,0,1,205,0,0,3016
4,0,1,205,0,0,3021
4,0,2,1116,0,0,3282
4,0,2,705,0,0,3293
2,0,5,3200,0,0,2076
4,0,2,806,0,0,3294
4,0,2,1116,0,0,3285
4,0,1,205,0,0,3009
4,0,1,205,0,0,3013
4,0,2,1116,0,0,3281
4,0,1,136,0,0,3005
4,0,2,805,0,0,3229
4,0,2,1120,0,0,3287
4,0,1,120,0,0,3004
4,0,1,205,0,0,3010
4,0,2,806,0,0,3228
4,0,1,205,0,0,3012
4,0,1,205,0,0,3011
4,0,1,136,0,0,3006
4,0,1,136,0,0,3008
4,0,2,1115,0,0,3278
4,0,2,1000,0,0,3276
4,0,2,325,0,0,3272
2,0,5,3200,0,0,2075
4,0,2,325,0,0,3270
4,0,2,1000,0,0,3274
4,0,3,1420,0,0,3015
4,0,2,1120,0,0,3291
4,0,1,136,0,0,3007
4,0,3,1420,0,0,3014
4,0,3,1310,0,0,3268
4,0,2,1116,0,0,3284
4,0,3,1310,0,0,3266
4,0,3,1310,0,0,3264
4,0,3,1310,0,0,3261
4,0,2,1120,0,0,3288
2,0,5,3200,0,0,2077
4,0,2,900,0,0,3290
4,0,1,136,0,0,3002
4,0,2,1116,0,0,3237
4,0,2,1116,0,0,3240
4,0,1,136,0,0,3003
4,0,2,1116,0,0,3242
4,0,2,1116,0,0,3236
4,0,2,1120,0,0,3232
4,0,2,1116,0,0,3244
4,0,1,2940,0,0,2690
4,0,2,1115,0,0,3247
4,0,2,805,0,0,3226
4,0,3,1420,0,0,2994
4,0,3,1420,0,0,2995
4,0,2,1116,0,0,3239
4,0,3,1410,0,0,2996
4,0,1,205,0,0,2998
4,0,1,136,0,0,3001
4,0,3,1330,0,0,3251
4,0,1,136,0,0,3000
4,0,3,1410,0,0,2997
4,0,3,1330,0,0,3253
2,0,5,3200,0,0,2074
4,0,2,1115,0,0,3246
4,0,1,136,0,0,2999
4,0,3,1310,0,0,3255
4,0,2,806,0,0,3225
4,0,3,1310,0,0,3257
4,0,2,900,0,0,3231
4,0,3,1310,0,0,3259
4,0,1,2940,0,0,2691
4,0,2,900,0,0,3230
4,0,2,1116,0,0,3235
4,0,2,1116,0,0,3241
4,0,2,1130,0,0,3233
2,0,5,3200,0,0,2072
2,0,5,3200,0,0,2067
4,0,2,1130,0,0,3234
2,0,5,3200,0,0,2070
4,0,2,900,0,0,3220
4,0,2,806,0,0,3227
4,0,1,1506,0,0,2986
4,0,3,1310,0,0,3260
4,0,2,1116,0,0,3238
4,0,2,1116,0,0,3243
4,0,2,1130,0,0,3219
4,0,2,1000,0,0,3249
4,0,3,1330,0,0,3250
4,0,3,1330,0,0,3252
4,0,2,1000,0,0,3248
4,0,3,1420,0,0,2993
4,0,3,1420,0,0,2992
4,0,3,1410,0,0,2991
4,0,3,1310,0,0,3254
4,0,3,1310,0,0,3256
4,0,3,1410,0,0,2990
4,0,3,1310,0,0,3258
4,0,2,900,0,0,3222
4,0,1,1505,0,0,2989
4,0,2,1130,0,0,3245
2,0,5,6900,0,0,2065
4,0,1,1506,0,0,2983
4,0,1,1506,0,0,2981
4,0,1,2940,0,0,2686
2,0,5,3200,0,0,2066
4,0,2,806,0,0,3224
2,0,5,3200,0,0,2069
4,0,1,1505,0,0,2988
4,0,2,900,0,0,3223
4,0,2,1130,0,0,3217
4,0,1,1506,0,0,2985
4,0,1,1506,0,0,2982
4,0,2,1130,0,0,3215
4,0,1,1505,0,0,2987
4,0,2,1200,0,0,3218
4,0,2,806,0,0,3168
4,0,3,1330,0,0,3208
4,0,3,1330,0,0,3206
4,0,3,1320,0,0,3204
4,0,3,1320,0,0,3202
4,0,2,1000,0,0,3210
4,0,3,1320,0,0,3199
4,0,2,1130,0,0,3216
4,0,3,1320,0,0,3197
4,0,2,900,0,0,3221
4,0,3,1420,0,0,2960
4,0,3,1410,0,0,2966
4,0,3,1420,0,0,2964
4,0,2,806,0,0,3167
4,0,1,1506,0,0,2984
4,0,1,1505,0,0,2971
4,0,3,1330,0,0,3209
2,0,5,3200,0,0,2071
4,0,1,1505,0,0,2968
2,0,5,3200,0,0,2073
4,0,2,1130,0,0,3214
2,0,5,3200,0,0,2068
4,0,3,1320,0,0,3201
4,0,2,1000,0,0,3211
4,0,3,1410,0,0,2965
4,0,2,1200,0,0,3174
4,0,1,1506,0,0,2979
4,0,1,1505,0,0,2973
4,0,2,806,0,0,3166
4,0,3,1330,0,0,3207
4,0,3,1330,0,0,3205
4,0,3,1320,0,0,3203
4,0,3,1320,0,0,3198
4,0,1,1505,0,0,2970
4,0,3,1420,0,0,2959
4,0,1,1506,0,0,2975
4,0,3,1320,0,0,3196
4,0,1,1506,0,0,2977
4,0,3,1320,0,0,3195
4,0,3,1420,0,0,2962
4,0,3,1410,0,0,2963
4,0,2,900,0,0,3171
4,0,2,2000,0,0,3213
4,0,3,1320,0,0,3200
4,0,1,2940,0,0,2692
4,0,2,1000,0,0,3212
4,0,2,900,0,0,3170
4,0,3,1410,0,0,2951
4,0,1,1506,0,0,2976
4,0,2,1200,0,0,3172
4,0,3,1410,0,0,2950
4,0,3,1330,0,0,3186
4,0,2,900,0,0,3169
4,0,3,1420,0,0,2961
4,0,1,1505,0,0,2967
4,0,1,1505,0,0,2969
4,0,3,1420,0,0,2958
4,0,1,1505,0,0,2972
2,0,5,6900,0,0,2064
4,0,1,1506,0,0,2974
4,0,2,1200,0,0,3175
4,0,3,1320,0,0,3193
4,0,3,1320,0,0,3192
4,0,1,1506,0,0,2980
4,0,3,1320,0,0,3194
4,0,2,2000,0,0,3180
4,0,3,1320,0,0,3190
4,0,3,1320,0,0,3191
4,0,2,806,0,0,3165
4,0,2,1200,0,0,3173
4,0,1,1506,0,0,2978
4,0,3,1330,0,0,3189
4,0,1,2215,0,0,2753
4,0,3,1410,0,0,2953
4,0,3,1330,0,0,3188
4,0,3,1410,0,0,2957
4,0,2,1200,0,0,3176
2,0,5,3200,0,0,2063
4,0,3,1410,0,0,2955
2,0,5,3200,0,0,2062
4,0,3,1330,0,0,3184
4,0,3,1410,0,0,2922
4,0,2,2000,0,0,3178
4,0,2,2000,0,0,3183
4,0,3,1410,0,0,2928
4,0,3,1410,0,0,2921
4,0,3,1810,0,0,2912
4,0,1,1505,0,0,2947
4,0,1,1506,0,0,2946
4,0,1,1506,0,0,2945
4,0,3,1330,0,0,3185
4,0,2,806,0,0,3162
4,0,1,1505,0,0,2949
4,0,3,1410,0,0,2927
4,0,3,1410,0,0,2956
4,0,3,1410,0,0,2952
4,0,3,1330,0,0,3187
4,0,3,1410,0,0,2954
4,0,1,1506,0,0,2944
4,0,1,1505,0,0,2948
4,0,2,900,0,0,3158
4,0,2,2000,0,0,3179
4,0,3,1810,0,0,2911
4,0,2,806,0,0,3160
4,0,2,2000,0,0,3181
4,0,3,1710,0,0,2930
4,0,3,1810,0,0,2903
4,0,3,1710,0,0,2926
4,0,3,1710,0,0,2920
4,0,3,1900,0,0,2899
4,0,3,1410,0,0,2936
4,0,3,1710,0,0,2918
4,0,2,900,0,0,3156
4,0,2,1200,0,0,3148
4,0,3,1810,0,0,2916
4,0,2,1200,0,0,3141
4,0,3,1810,0,0,2910
4,0,2,806,0,0,3164
4,0,3,1900,0,0,3110
4,0,2,2000,0,0,3182
4,0,2,2000,0,0,3177
4,0,1,2940,0,0,2688
4,0,3,1810,0,0,2901
4,0,3,1810,0,0,2902
4,0,3,1710,0,0,2933
4,0,3,1810,0,0,2907
4,0,3,1900,0,0,2898
4,0,3,1710,0,0,2932
4,0,3,1900,0,0,3116
4,0,2,1200,0,0,3139
4,0,3,1710,0,0,2934
4,0,3,1810,0,0,2915
4,0,3,1900,0,0,3108
4,0,3,1810,0,0,2909
4,0,3,1710,0,0,2929
4,0,3,1710,0,0,2931
4,0,3,1900,0,0,3112
4,0,3,1710,0,0,2925
4,0,3,1710,0,0,2935
4,0,3,1810,0,0,2906
4,0,1,1505,0,0,2940
4,0,1,1505,0,0,2939
4,0,1,1506,0,0,2941
4,0,2,1200,0,0,3136
4,0,1,1506,0,0,2942
4,0,1,1505,0,0,2937
4,0,3,1900,0,0,3109
4,0,3,1710,0,0,2924
4,0,2,1200,0,0,3149
4,0,2,900,0,0,3155
4,0,2,2000,0,0,3132
4,0,2,2000,0,0,3129
4,0,1,1506,0,0,2943
4,0,3,1710,0,0,2923
4,0,2,2000,0,0,3125
4,0,3,1710,0,0,2919
4,0,3,1900,0,0,3115
4,0,3,1710,0,0,2917
4,0,3,1810,0,0,2900
4,0,2,2000,0,0,3122
4,0,3,1900,0,0,3119
4,0,3,1810,0,0,2914
4,0,3,1900,0,0,2897
4,0,3,1810,0,0,2908
4,0,3,1810,0,0,2905
4,0,1,1505,0,0,2938
4,0,3,1900,0,0,3107
4,0,3,1900,0,0,3111
4,0,2,2000,0,0,3131
4,0,2,1200,0,0,3138
4,0,2,2000,0,0,3128
4,0,3,1810,0,0,2913
4,0,3,1900,0,0,3114
4,0,3,1810,0,0,2904
4,0,2,900,0,0,3153
4,0,2,2000,0,0,3124
4,0,2,1200,0,0,3147
4,0,2,2000,0,0,3121
4,0,2,1200,0,0,3144
4,0,3,1900,0,0,3118
4,0,2,1200,0,0,3142
4,0,3,1710,0,0,2843
4,0,3,1710,0,0,2847
2,0,5,3200,0,0,1171
4,0,3,1710,0,0,2852
2,0,5,3200,0,0,2061
4,0,3,1810,0,0,2873
4,0,3,1810,0,0,2857
4,0,3,1810,0,0,2879
4,0,3,1810,0,0,2880
4,0,3,1810,0,0,2858
4,0,3,1900,0,0,2893
4,0,3,1900,0,0,3105
4,0,3,1605,0,0,2822
4,0,3,1810,0,0,2862
4,0,3,1900,0,0,2896
4,0,3,1810,0,0,2867
4,0,3,1900,0,0,3113
4,0,2,1200,0,0,3135
4,0,3,1710,0,0,2839
4,0,3,1710,0,0,2837
4,0,3,1605,0,0,2830
4,0,3,1710,0,0,2835
4,0,3,1710,0,0,2833
4,0,3,1900,0,0,3106
4,0,3,1605,0,0,2827
2,0,5,6900,0,0,2048
4,0,3,1605,0,0,2825
4,0,3,1810,0,0,2872
4,0,2,2000,0,0,3127
4,0,3,1810,0,0,2878
4,0,2,806,0,0,3159
4,0,3,1810,0,0,2885
4,0,2,806,0,0,3163
4,0,3,1710,0,0,2851
4,0,3,1710,0,0,2842
4,0,3,1710,0,0,2831
4,0,3,1810,0,0,2856
4,0,3,1710,0,0,2846
4,0,2,1200,0,0,3151
4,0,3,1810,0,0,2861
4,0,3,1605,0,0,2823
4,0,2,806,0,0,3161
4,0,3,1810,0,0,2866
4,0,2,2000,0,0,3120
4,0,3,1900,0,0,3117
4,0,3,1820,0,0,2871
4,0,2,1200,0,0,3146
4,0,2,2000,0,0,3130
4,0,3,1820,0,0,2877
4,0,3,1820,0,0,2884
4,0,3,1820,0,0,2890
4,0,2,1200,0,0,3137
4,0,3,1710,0,0,2850
4,0,2,900,0,0,3157
4,0,3,1810,0,0,2855
4,0,2,900,0,0,3154
4,0,2,900,0,0,3152
4,0,3,1810,0,0,2860
4,0,2,2000,0,0,3123
4,0,3,1820,0,0,2895
4,0,3,1820,0,0,2892
4,0,3,1810,0,0,2865
4,0,2,1200,0,0,3143
4,0,3,1820,0,0,2889
4,0,3,1820,0,0,2870
4,0,2,1200,0,0,3140
4,0,3,1900,0,0,3104
4,0,3,1820,0,0,2876
4,0,2,1200,0,0,3133
4,0,3,1820,0,0,2883
4,0,3,1710,0,0,2845
4,0,2,1200,0,0,3134
4,0,3,1710,0,0,2849
4,0,3,1900,0,0,3126
4,0,3,1820,0,0,2888
4,0,1,2940,0,0,2689
4,0,3,1710,0,0,2841
4,0,3,1710,0,0,2828
4,0,3,1810,0,0,2854
4,0,3,1710,0,0,2840
4,0,3,1710,0,0,2838
4,0,3,1710,0,0,2836
4,0,3,1710,0,0,2834
4,0,3,1810,0,0,2859
4,0,2,1200,0,0,3145
4,0,3,1710,0,0,2832
4,0,3,1810,0,0,2864
4,0,3,1710,0,0,2829
4,0,2,1200,0,0,3150
4,0,3,1605,0,0,2826
4,0,3,1820,0,0,2887
4,0,3,1820,0,0,2869
4,0,3,1605,0,0,2824
4,0,3,1820,0,0,2875
4,0,3,1820,0,0,2882
4,0,3,1820,0,0,2891
4,0,3,1900,0,0,3103
4,0,3,1820,0,0,2886
4,0,3,1710,0,0,2844
4,0,3,1710,0,0,2848
4,0,3,1810,0,0,2853
2,0,5,3200,0,0,2052
4,0,3,1810,0,0,2863
4,0,3,1820,0,0,2881
4,0,3,1900,0,0,3101
4,0,3,1820,0,0,2868
4,0,3,1900,0,0,3100
4,0,3,1720,0,0,2812
4,0,3,1820,0,0,2874
2,0,5,3200,0,0,2051
4,0,3,1605,0,0,2819
4,0,3,1710,0,0,2809
4,0,3,1720,0,0,2813
4,0,3,1720,0,0,2814
2,0,4,3110,0,0,1157
4,0,3,1605,0,0,2820
4,0,3,1820,0,0,2894
2,0,4,3110,0,0,1156
4,0,3,1605,0,0,2818
4,0,2,2000,0,0,3094
2,0,4,3030,0,0,1150
4,0,3,1720,0,0,2815
4,0,3,1720,0,0,2816
4,0,3,1605,0,0,2821
4,0,3,1820,0,0,2808
4,0,3,1720,0,0,2817
4,0,3,1720,0,0,2810
4,0,3,1820,0,0,2806
4,0,1,2215,0,0,2752
4,0,3,1820,0,0,2807
2,0,4,3030,0,0,1155
4,0,3,1720,0,0,2811
4,0,3,1900,0,0,3099
2,0,4,3010,0,0,1148
4,0,3,1900,0,0,3102
4,0,3,1820,0,0,2804
4,0,3,1820,0,0,2805
4,0,3,1720,0,0,2801
2,0,5,3200,0,0,2057
4,0,3,1900,0,0,3098
4,0,3,1720,0,0,2803
2,0,4,3120,0,0,1158
4,0,3,1900,0,0,3096
4,0,3,1605,0,0,2794
4,0,3,1605,0,0,2793
2,0,4,3030,0,0,1153
2,0,4,3030,0,0,1149
4,0,3,1820,0,0,2783
4,0,3,1720,0,0,2799
4,0,1,2215,0,0,2750
4,0,3,1605,0,0,2795
4,0,3,1720,0,0,2802
4,0,3,1720,0,0,2798
4,0,3,1720,0,0,2797
4,0,3,1720,0,0,2796
2,0,4,3110,0,0,1162
2,0,4,3110,0,0,1163
4,0,3,1820,0,0,2782
4,0,1,2215,0,0,2751
4,0,3,1720,0,0,2784
4,0,3,1720,0,0,2800
2,0,4,3120,0,0,1159
2,0,5,3200,0,0,2054
2,0,5,6900,0,0,2049
4,0,3,1720,0,0,2785
4,0,3,1605,0,0,2792
4,0,3,1900,0,0,3095
4,0,3,1720,0,0,2786
4,0,3,1720,0,0,2787
4,0,3,1605,0,0,2791
4,0,3,1720,0,0,2788
4,0,3,1720,0,0,2789
4,0,1,2940,0,0,2687
4,0,3,1605,0,0,2790
4,0,3,1720,0,0,2781
4,0,3,1900,0,0,3097
2,0,4,3010,0,0,1147
2,0,4,3030,0,0,1154
4,0,3,1720,0,0,2779
2,0,4,3030,0,0,1152
4,0,3,2100,0,0,3093
2,0,4,3030,0,0,1151
2,0,4,3110,0,0,1164
2,0,4,3010,0,0,1146
4,0,3,1720,0,0,2777
4,0,3,1606,0,0,2770
4,0,3,1720,0,0,2776
4,0,3,1720,0,0,2774
4,0,3,1720,0,0,2772
2,0,4,3120,0,0,1161
2,0,5,3310,0,0,2050
2,0,4,3120,0,0,1160
4,0,3,1720,0,0,2778
2,0,5,3200,0,0,2059
4,0,1,2215,0,0,2749
4,0,3,1606,0,0,2768
2,0,4,3010,0,0,1145
4,0,3,1720,0,0,2775
4,0,3,1720,0,0,2773
4,0,3,1720,0,0,2771
4,0,3,1606,0,0,2769
2,0,5,6900,0,0,2047
2,0,5,3425,0,0,2056
2,0,4,3030,0,0,1132
2,0,5,6900,0,0,2018
4,0,3,2100,0,0,3091
4,0,3,1720,0,0,2780
4,0,1,2215,0,0,2747
2,0,4,3030,0,0,1133
4,0,3,2100,0,0,3092
2,0,4,3010,0,0,1136
2,0,4,3120,0,0,1170
2,0,4,3010,0,0,1135
2,0,4,3120,0,0,1169
2,0,4,3110,0,0,1165
4,0,3,1606,0,0,2767
4,0,3,1606,0,0,2765
2,0,4,3010,0,0,1138
4,0,3,1720,0,0,2763
2,0,4,3030,0,0,1130
2,0,4,3120,0,0,1167
4,0,3,1720,0,0,2761
2,0,4,3120,0,0,1168
4,0,1,2215,0,0,2743
2,0,4,3010,0,0,1140
2,0,5,3425,0,0,2053
4,0,1,2215,0,0,2748
4,0,1,2215,0,0,2744
2,0,4,3010,0,0,1141
4,0,3,1606,0,0,2766
4,0,3,2100,0,0,3090
4,0,3,1900,0,0,3084
4,0,1,2216,0,0,2735
4,0,1,2215,0,0,2745
4,0,1,2215,0,0,2746
4,0,3,1720,0,0,2762
4,0,3,1606,0,0,2764
2,0,4,3120,0,0,2060
2,0,5,3425,0,0,2058
2,0,4,3030,0,0,1131
4,0,3,2100,0,0,3088
2,0,4,3010,0,0,1143
4,0,1,2216,0,0,2734
4,0,3,2100,0,0,3089
2,0,5,3425,0,0,2055
2,0,4,3020,0,0,1134
2,0,4,3010,0,0,1144
4,0,3,1606,0,0,2758
4,0,1,2215,0,0,2741
2,0,4,3020,0,0,1137
2,0,4,3120,0,0,1174
2,0,5,3310,0,0,2043
2,0,4,3010,0,0,1139
4,0,3,1720,0,0,2760
4,0,1,2940,0,0,2684
2,0,4,3030,0,0,1129
4,0,3,2100,0,0,3086
2,0,4,3010,0,0,1142
2,0,4,3120,0,0,1166
4,0,3,2100,0,0,3085
4,0,3,1606,0,0,2755
2,0,5,3310,0,0,2045
4,0,1,2215,0,0,2742
4,0,3,1606,0,0,2756
4,0,3,2100,0,0,3087
4,0,1,2940,0,0,2685
4,0,1,2215,0,0,2739
2,0,4,3120,0,0,1173
2,0,4,3120,0,0,1172
2,0,4,3130,0,0,1185
4,0,1,2216,0,0,2736
2,0,4,3030,0,0,1127
2,0,5,3310,0,0,2046
2,0,4,3010,0,0,1122
2,0,4,3010,0,0,1117
2,0,4,3010,0,0,1115
4,0,3,2100,0,0,3083
2,0,4,3130,0,0,1178
2,0,4,3130,0,0,1181
2,0,4,3020,0,0,1124
2,0,4,3130,0,0,1176
4,0,1,2215,0,0,2740
4,0,3,1606,0,0,2759
4,0,1,2215,0,0,2738
2,0,4,3010,0,0,1118
2,0,4,3010,0,0,1120
2,0,4,3020,0,0,1126
2,0,4,3030,0,0,1128
4,0,1,2215,0,0,2737
2,0,4,3130,0,0,1175
2,0,5,3425,0,0,2039
4,0,3,2100,0,0,3081
2,0,4,3130,0,0,1179
2,0,4,3130,0,0,1182
2,0,5,3310,0,0,2041
2,0,5,3425,0,0,1188
2,0,5,3425,0,0,2037
4,0,1,2215,0,0,2726
2,0,5,3425,0,0,1187
4,0,3,2100,0,0,3082
2,0,4,3130,0,0,1186
2,0,4,3030,0,0,1100
2,0,4,3010,0,0,1121
4,0,3,2100,0,0,3079
4,0,3,2100,0,0,3080
2,0,4,3020,0,0,1123
2,0,4,3010,0,0,1113
4,0,1,2216,0,0,2732
2,0,4,3030,0,0,1099
2,0,4,3130,0,0,1183
4,0,3,1606,0,0,2757
2,0,4,3010,0,0,1114
4,0,1,2216,0,0,2717
2,0,4,3010,0,0,1116
2,0,4,3010,0,0,1119
2,0,4,3020,0,0,1125
2,0,4,3130,0,0,1177
4,0,3,1606,0,0,2754
4,0,1,2215,0,0,2730
2,0,4,3130,0,0,1180
2,0,5,3310,0,0,2042
2,0,4,3130,0,0,1184
4,0,1,2215,0,0,2727
2,0,4,3030,0,0,1097
2,0,4,3130,0,0,1192
4,0,1,2215,0,0,2729
2,0,5,3310,0,0,2044
2,0,5,3425,0,0,1189
4,0,1,2216,0,0,2731
2,0,5,3425,0,0,1190
2,0,5,3310,0,0,2040
2,0,5,3425,0,0,1191
4,0,1,2215,0,0,2728
2,0,4,3010,0,0,1112
2,0,4,3020,0,0,1103
2,0,4,3020,0,0,1104
2,0,4,3020,0,0,1105
2,0,4,3020,0,0,1106
2,0,4,3045,0,0,1107
2,0,5,3426,0,0,1200
2,0,4,3045,0,0,1108
2,0,4,3010,0,0,1111
2,0,4,3010,0,0,1109
2,0,4,3030,0,0,1101
2,0,4,3030,0,0,1102
2,0,5,3425,0,0,2038
2,0,4,3130,0,0,1196
4,0,1,2940,0,0,2681
2,0,5,3425,0,0,2036
4,0,1,2216,0,0,2733
2,0,4,3130,0,0,1197
4,0,1,2225,0,0,2725
4,0,3,2100,0,0,3078
4,0,1,2225,0,0,2724
2,0,5,3425,0,0,1206
2,0,5,3425,0,0,1203
2,0,5,3425,0,0,1201
4,0,1,2216,0,0,2720
2,0,4,3020,0,0,1092
4,0,1,2940,0,0,2682
2,0,4,3130,0,0,1194
4,0,1,2216,0,0,2719
4,0,1,2216,0,0,2718
2,0,4,3045,0,0,1087
2,0,4,3020,0,0,1088
2,0,4,3130,0,0,1098
2,0,4,3020,0,0,1089
2,0,4,3130,0,0,1198
2,0,5,3310,0,0,2021
4,0,1,2225,0,0,2723
2,0,5,3310,0,0,2025
4,0,1,2216,0,0,2716
2,0,4,3130,0,0,1193
2,0,4,3010,0,0,1110
2,0,5,6900,0,0,2019
2,0,4,3030,0,0,1095
4,0,1,2225,0,0,2721
2,0,5,3426,0,0,1207
2,0,5,3426,0,0,1204
2,0,4,3030,0,0,1096
2,0,5,3310,0,0,2028
2,0,4,3020,0,0,1091
2,0,5,3310,0,0,2031
4,0,1,2940,0,0,2683
4,0,1,2225,0,0,2722
2,0,5,3310,0,0,2023
2,0,5,3310,0,0,2032
2,0,5,3425,0,0,2035
2,0,5,3310,0,0,2020
2,0,4,3130,0,0,1195
2,0,5,3425,0,0,1209
2,0,4,3130,0,0,1199
2,0,5,3426,0,0,1202
4,0,1,2225,0,0,2711
2,0,4,3030,0,0,1094
2,0,4,3020,0,0,1093
2,0,4,3045,0,0,1084
2,0,4,3020,0,0,1090
4,0,1,2225,0,0,2710
2,0,5,3426,0,0,1205
2,0,4,3130,0,0,1218
2,0,5,3426,0,0,1208
2,0,4,3045,0,0,1083
4,0,1,2225,0,0,2709
2,0,4,3045,0,0,1085
4,0,1,2225,0,0,2712
4,0,1,2216,0,0,2713
2,0,5,3320,0,0,2027
2,0,4,3030,0,0,1075
2,0,5,3320,0,0,2030
4,0,1,2216,0,0,2715
2,0,4,3130,0,0,1219
2,0,5,3427,0,0,2034
2,0,4,3130,0,0,1220
2,0,4,3130,0,0,1216
2,0,4,3030,0,0,1077
2,0,4,3045,0,0,1086
2,0,4,3045,0,0,1079
2,0,4,3045,0,0,1081
4,0,1,2216,0,0,2714
2,0,4,3130,0,0,1217
2,0,5,3427,0,0,1212
2,0,5,3505,0,0,1215
2,0,5,3310,0,0,2024
2,0,5,3427,0,0,1211
2,0,10,6930,0,0,2088
2,0,5,3310,0,0,2022
2,0,5,3426,0,0,1214
2,0,5,3320,0,0,2026
2,0,5,3427,0,0,2033
2,0,4,3045,0,0,1082
2,0,5,3426,0,0,1213
4,0,1,2940,0,0,2680
2,0,5,3427,0,0,1210
2,0,5,3320,0,0,2029
2,0,4,3030,0,0,1076
2,0,4,3045,0,0,1078
2,0,4,3045,0,0,1080
4,0,1,2225,0,0,2707
4,0,1,2225,0,0,2708
2,0,5,3426,0,0,1228
2,0,5,3427,0,0,2007
2,0,5,3320,0,0,2011
2,0,5,3505,0,0,1221
2,0,5,3505,0,0,1222
2,0,5,3320,0,0,2013
2,0,5,3426,0,0,1230
2,0,5,3426,0,0,1226
4,0,1,2940,0,0,2678
2,0,5,3320,0,0,2009
2,0,5,3505,0,0,1223
2,0,4,3045,0,0,1071
2,0,5,3427,0,0,1232
2,0,5,3320,0,0,2008
2,0,5,3505,0,0,1072
4,0,1,2216,0,0,2704
2,0,4,3045,0,0,1069
2,0,5,6900,0,0,2017
2,0,4,3045,0,0,1070
2,0,5,3505,0,0,1074
2,0,5,3427,0,0,1233
2,0,5,3310,0,0,2016
2,0,5,3427,0,0,1234
4,0,1,2225,0,0,2706
2,0,5,3426,0,0,1231
2,0,5,3426,0,0,1229
2,0,5,3505,0,0,1225
2,0,5,3505,0,0,1073
2,0,5,3320,0,0,2010
2,0,5,3320,0,0,2012
2,0,5,3505,0,0,1224
2,0,5,3505,0,0,1227
4,0,1,2940,0,0,2679
2,0,5,3505,0,0,1253
2,0,5,3320,0,0,2014
2,0,4,3046,0,0,1061
2,0,4,3046,0,0,1064
2,0,5,3505,0,0,1258
2,0,5,3505,0,0,1257
2,0,5,3505,0,0,1254
4,0,1,2225,0,0,2705
2,0,4,3045,0,0,1068
2,0,5,3426,0,0,1240
2,0,5,3426,0,0,1242
2,0,5,3505,0,0,1244
2,0,5,3505,0,0,1245
2,0,5,3505,0,0,1247
2,0,5,3320,0,0,2015
2,0,5,3505,0,0,1249
4,0,1,2940,0,0,2673
2,0,5,3320,0,0,2006
2,0,5,3600,0,0,1059
2,0,5,3427,0,0,1237
2,0,5,3427,0,0,1238
2,0,5,3427,0,0,1239
2,0,5,3600,0,0,1058
2,0,5,3320,0,0,1235
2,0,7,3330,0,0,2002
4,0,1,2225,0,0,2700
2,0,5,3505,0,0,1054
4,0,1,2216,0,0,2677
2,0,5,3505,0,0,1255
2,0,5,3505,0,0,1259
2,0,5,3505,0,0,1251
2,0,4,3046,0,0,1063
2,0,4,3046,0,0,1066
2,0,5,3426,0,0,1241
2,0,5,3427,0,0,1236
2,0,5,3426,0,0,1243
2,0,5,3505,0,0,1246
2,0,5,3320,0,0,2005
2,0,5,3505,0,0,1248
2,0,10,6930,0,0,2087
2,0,5,3600,0,0,1056
2,0,5,3600,0,0,1055
2,0,5,3505,0,0,1250
2,0,5,3600,0,0,1053
2,0,4,3046,0,0,1060
4,0,1,2225,0,0,2698
2,0,5,3505,0,0,1256
2,0,5,3505,0,0,1252
2,0,5,3505,0,0,1260
2,0,7,6910,0,0,1997
4,0,1,2225,0,0,2699
4,0,1,2225,0,0,2703
4,0,1,2225,0,0,2701
4,0,1,2225,0,0,2702
2,0,4,3046,0,0,1067
2,0,5,3320,0,0,2004
2,0,5,3320,0,0,1279
2,0,5,3600,0,0,1057
2,0,5,3505,0,0,1261
2,0,5,3413,0,0,1272
4,0,1,2940,0,0,2675
2,0,5,3414,0,0,1270
2,0,5,3414,0,0,1266
4,0,1,2940,0,0,2674
2,0,4,3046,0,0,1062
4,0,1,2216,0,0,2676
2,0,5,3600,0,0,1046
2,0,5,3600,0,0,1043
2,0,4,3046,0,0,1065
2,0,5,3414,0,0,1265
2,0,5,3600,0,0,1048
2,0,5,3413,0,0,1278
2,0,5,3413,0,0,1277
2,0,5,3413,0,0,1275
2,0,5,3413,0,0,1276
2,0,5,3414,0,0,1268
2,0,5,3414,0,0,1269
2,0,5,3505,0,0,1263
2,0,5,3505,0,0,1264
2,0,5,3413,0,0,1274
2,0,5,3505,0,0,1262
2,0,5,3600,0,0,1050
2,0,5,3413,0,0,1273
2,0,5,3600,0,0,1044
4,0,1,2216,0,0,2672
2,0,5,3414,0,0,1271
2,0,5,3414,0,0,1267
2,0,10,6930,0,0,2086
4,0,1,2225,0,0,2695
2,0,5,3320,0,0,1280
2,0,6,3046,0,0,1041
2,0,7,3330,0,0,2003
4,0,1,2216,0,0,2694
2,0,6,3046,0,0,1039
4,0,1,2225,0,0,2697
4,0,1,2225,0,0,2696
2,0,6,3046,0,0,1037
2,0,6,3046,0,0,1042
4,0,1,2216,0,0,2671
4,0,1,2940,0,0,2670
2,0,5,3414,0,0,1300
2,0,5,3600,0,0,1051
2,0,5,3600,0,0,1045
2,0,5,3414,0,0,1297
2,0,5,3414,0,0,1290
2,0,5,3414,0,0,1293
4,0,1,2940,0,0,2669
2,0,5,3600,0,0,1049
2,0,5,3600,0,0,1047
2,0,5,3413,0,0,1283
2,0,6,3046,0,0,1040
2,0,6,3046,0,0,1038
2,0,5,3600,0,0,1052
2,0,5,3505,0,0,1303
2,0,5,3413,0,0,1285
2,0,5,3413,0,0,1286
2,0,5,3320,0,0,1281
2,0,5,3413,0,0,1282
2,0,6,3705,0,0,1031
2,0,5,3414,0,0,1298
2,0,5,3414,0,0,1291
2,0,5,3414,0,0,1294
2,0,5,3414,0,0,1301
2,0,6,3705,0,0,1030
2,0,6,3705,0,0,1033
2,0,5,3600,0,0,1028
2,0,7,3330,0,0,2001
2,0,6,3706,0,0,1035
3,0,19,9016,0,0,3679
3,0,19,9016,0,0,3680
2,0,7,3330,0,0,1321
2,0,5,3415,0,0,1304
2,0,5,3413,0,0,1284
2,0,5,3600,0,0,1027
2,0,5,3415,0,0,1287
2,0,7,6506,0,0,1999
2,0,5,3415,0,0,1295
2,0,6,3706,0,0,1036
2,0,5,3415,0,0,1302
2,0,5,3600,0,0,1023
2,0,5,3600,0,0,1024
2,0,5,3600,0,0,1025
2,0,6,3705,0,0,1029
2,0,5,3600,0,0,1026
2,0,7,3330,0,0,1319
2,0,6,3705,0,0,1032
2,0,5,3415,0,0,1299
2,0,6,3706,0,0,1034
2,0,5,3600,0,0,1022
2,0,5,3415,0,0,1292
3,0,19,9004,0,0,3681
2,0,5,3415,0,0,1289
2,0,6,3705,0,0,1010
2,0,5,3415,0,0,1288
2,0,5,3415,0,0,1296
2,0,5,3415,0,0,1305
2,0,6,3705,0,0,1014
2,0,6,3706,0,0,1005
3,0,19,9004,0,0,3672
2,0,6,3705,0,0,1008
2,0,6,3705,0,0,1007
3,0,19,9016,0,0,3678
2,0,7,3330,0,0,2000
2,0,5,3600,0,0,1017
2,0,7,3330,0,0,1318
2,0,5,3600,0,0,1016
2,0,6,3705,0,0,1012
3,0,19,9004,0,0,3673
2,0,7,3330,0,0,1320
2,0,6,3706,0,0,1006
2,0,6,3705,0,0,1009
2,0,7,3330,0,0,1322
2,0,5,3415,0,0,1310
2,0,5,3600,0,0,1015
2,0,5,3600,0,0,1019
2,0,5,3415,0,0,1307
2,0,5,3600,0,0,1018
2,0,5,3600,0,0,1021
2,0,5,3415,0,0,1308
2,0,10,6930,0,0,2085
2,0,5,3413,0,0,1317
2,0,5,3413,0,0,1316
2,0,5,3415,0,0,1312
2,0,5,3415,0,0,1306
2,0,7,3330,0,0,1323
2,0,5,3416,0,0,1314
2,0,10,6930,0,0,2084
2,0,5,3416,0,0,1315
2,0,5,3600,0,0,1020
2,0,6,3706,0,0,1002
2,0,6,3706,0,0,1004
2,0,6,3705,0,0,1013
2,0,6,3705,0,0,1011
2,0,5,3415,0,0,1311
2,0,5,3415,0,0,1309
2,0,5,3416,0,0,1329
2,0,6,3706,0,0,996
2,0,5,3415,0,0,1313
3,0,19,9004,0,0,3674
2,0,7,4230,0,0,1325
2,0,6,4110,0,0,970
3,0,19,9016,0,0,3677
3,0,19,9004,0,0,3671
3,0,19,9016,0,0,3675
2,0,5,3416,0,0,1328
2,0,5,3416,0,0,1336
2,0,6,4110,0,0,1345
2,0,6,3706,0,0,1003
2,0,7,3330,0,0,1324
2,0,5,3600,0,0,977
2,0,6,4110,0,0,966
2,0,6,4110,0,0,1340
2,0,6,4110,0,0,968
2,0,6,3705,0,0,982
2,0,6,3900,0,0,972
2,0,7,6506,0,0,1998
2,0,6,3705,0,0,981
2,0,6,3900,0,0,974
2,0,6,3815,0,0,1001
3,0,19,9016,0,0,3676
2,0,6,4110,0,0,1346
2,0,5,3416,0,0,1327
2,0,5,3416,0,0,1332
2,0,5,3416,0,0,1330
2,0,6,3705,0,0,983
2,0,5,3416,0,0,1337
2,0,7,6910,0,0,1996
2,0,6,4110,0,0,1341
2,0,6,3706,0,0,990
2,0,6,4110,0,0,969
2,0,6,4110,0,0,1344
2,0,5,3413,0,0,1326
2,0,6,3705,0,0,980
2,0,6,3705,0,0,979
2,0,5,3600,0,0,976
2,0,6,3706,0,0,985
2,0,6,4110,0,0,1347
2,0,6,3815,0,0,999
2,0,6,3815,0,0,998
2,0,6,4110,0,0,1333
2,0,5,3416,0,0,1338
2,0,6,3900,0,0,971
2,0,6,4110,0,0,1342
2,0,6,3900,0,0,973
2,0,7,4230,0,0,1375
2,0,6,4110,0,0,1334
2,0,6,3705,0,0,987
2,0,5,3416,0,0,1331
2,0,6,4110,0,0,967
2,0,6,4110,0,0,965
2,0,6,3905,0,0,978
2,0,6,3905,0,0,975
2,0,6,3705,0,0,989
2,0,6,3815,0,0,993
3,0,19,9016,0,0,3667
3,0,19,9004,0,0,3670
2,0,6,4110,0,0,1348
2,0,7,4230,0,0,1372
2,0,7,4230,0,0,1366
2,0,6,3815,0,0,997
2,0,6,4110,0,0,1343
2,0,7,4230,0,0,1374
2,0,7,3330,0,0,1377
2,0,6,3815,0,0,1000
2,0,6,3815,0,0,995
2,0,6,3815,0,0,992
2,0,6,4110,0,0,1339
2,0,6,3705,0,0,950
2,0,6,3705,0,0,986
2,0,6,3905,0,0,952
2,0,6,3705,0,0,988
2,0,6,4110,0,0,1335
2,0,6,4110,0,0,964
2,0,7,4230,0,0,1367
2,0,6,3705,0,0,984
2,0,6,3900,0,0,954
2,0,6,3905,0,0,953
2,0,6,4110,0,0,959
2,0,6,3815,0,0,991
2,0,6,3815,0,0,994
2,0,9,6910,0,0,1990
2,0,6,4130,0,0,1349
2,0,6,3900,0,0,955
2,0,7,4210,0,0,1362
3,0,19,9004,0,0,3669
2,0,6,4110,0,0,960
2,0,6,3815,0,0,941
2,0,6,3705,0,0,951
2,0,6,4110,0,0,963
2,0,7,3330,0,0,1378
2,0,6,3705,0,0,949
3,0,19,9015,0,0,3663
2,0,6,4110,0,0,1357
2,0,6,3705,0,0,948
2,0,6,3815,0,0,940
2,0,6,4130,0,0,1350
2,0,6,3815,0,0,943
2,0,7,6506,0,0,1991
2,0,7,4210,0,0,1363
2,0,7,4230,0,0,1376
2,0,6,4110,0,0,958
2,0,6,3825,0,0,946
2,0,7,4230,0,0,1368
2,0,6,4110,0,0,1358
2,0,7,4230,0,0,1373
2,0,6,3705,0,0,928
2,0,6,3825,0,0,947
2,0,7,4230,0,0,1371
2,0,6,4130,0,0,1351
2,0,6,3815,0,0,944
2,0,6,4130,0,0,962
2,0,6,3900,0,0,921
2,0,6,3905,0,0,925
3,0,19,9004,0,0,3668
2,0,6,4130,0,0,1352
2,0,6,3825,0,0,945
2,0,7,4230,0,0,1370
2,0,6,3705,0,0,930
2,0,6,3705,0,0,932
2,0,6,3815,0,0,942
2,0,6,4130,0,0,957
2,0,6,4130,0,0,961
2,0,6,3815,0,0,939
2,0,6,4130,0,0,1354
3,0,19,9016,0,0,3666
2,0,7,4210,0,0,1359
2,0,6,3705,0,0,927
2,0,6,3705,0,0,926
2,0,6,3900,0,0,920
2,0,7,4210,0,0,1361
2,0,10,6930,0,0,2083
2,0,6,3905,0,0,923
2,0,6,4130,0,0,1353
2,0,6,4005,0,0,956
2,0,7,4230,0,0,1369
2,0,7,4210,0,0,1365
2,0,6,3905,0,0,924
2,0,7,4210,0,0,1360
2,0,7,4210,0,0,1364
2,0,6,3815,0,0,937
2,0,6,4130,0,0,1356
2,0,6,3815,0,0,938
2,0,6,4130,0,0,1355
2,0,6,3705,0,0,931
2,0,6,3825,0,0,933
2,0,6,4005,0,0,917
2,0,6,3825,0,0,934
2,0,6,3815,0,0,935
2,0,6,4005,0,0,919
2,0,6,3705,0,0,929
2,0,6,4005,0,0,918
2,0,10,6930,0,0,2082
2,0,7,4210,0,0,1386
2,0,6,3905,0,0,922
2,0,6,3815,0,0,936
2,0,6,4130,0,0,915
2,0,7,6506,0,0,1989
2,0,6,3825,0,0,904
3,0,19,9004,0,0,3653
2,0,7,3330,0,0,1379
2,0,6,4120,0,0,1397
2,0,6,4120,0,0,1405
2,0,6,4120,0,0,1401
2,0,7,4230,0,0,1383
2,0,7,4210,0,0,1387
2,0,7,4300,0,0,1382
3,0,19,9015,0,0,3661
2,0,7,4230,0,0,1384
2,0,6,4005,0,0,916
2,0,6,4130,0,0,1409
2,0,7,4210,0,0,1394
2,0,6,4130,0,0,1410
2,0,6,4120,0,0,1406
3,0,19,9015,0,0,3664
2,0,6,3816,0,0,895
2,0,6,3825,0,0,902
2,0,7,4210,0,0,1390
2,0,6,3905,0,0,906
2,0,6,4005,0,0,911
2,0,7,4210,0,0,1391
2,0,6,4005,0,0,909
2,0,6,3825,0,0,901
2,0,6,3816,0,0,892
2,0,6,3905,0,0,907
2,0,6,3825,0,0,899
2,0,6,3816,0,0,893
2,0,6,4120,0,0,1398
3,0,19,9015,0,0,3662
2,0,6,3825,0,0,897
2,0,6,3816,0,0,896
2,0,6,4120,0,0,1402
3,0,19,9004,0,0,3654
2,0,6,4130,0,0,1412
2,0,6,4005,0,0,910
2,0,6,3905,0,0,908
2,0,6,3825,0,0,903
2,0,10,5915,0,0,858
2,0,6,3816,0,0,894
2,0,6,4005,0,0,912
2,0,6,4130,0,0,914
2,0,6,3825,0,0,900
2,0,6,4130,0,0,1411
2,0,6,4005,0,0,913
2,0,7,4210,0,0,1395
3,0,19,9016,0,0,3665
2,0,6,3905,0,0,905
2,0,6,4130,0,0,1413
2,0,6,3825,0,0,898
2,0,7,4210,0,0,1388
2,0,7,4210,0,0,1392
2,0,6,4120,0,0,1399
2,0,10,5915,0,0,857
2,0,6,3825,0,0,882
2,0,10,5915,0,0,855
2,0,10,5715,0,0,840
2,0,6,3905,0,0,877
2,0,6,3825,0,0,881
2,0,6,3905,0,0,878
2,0,6,3816,0,0,888
2,0,6,3816,0,0,887
2,0,10,5715,0,0,841
2,0,6,3816,0,0,886
2,0,10,5915,0,0,856
2,0,6,3816,0,0,889
2,0,6,3816,0,0,890
2,0,6,4005,0,0,876
2,0,6,4120,0,0,1407
2,0,7,4225,0,0,1385
2,0,6,4120,0,0,1403
2,0,6,3816,0,0,891
2,0,9,6910,0,0,1993
2,0,6,4005,0,0,875
2,0,7,4210,0,0,1389
2,0,7,4300,0,0,1381
2,0,6,3825,0,0,884
2,0,6,4130,0,0,1414
2,0,10,5915,0,0,852
2,0,10,5715,0,0,839
2,0,6,3825,0,0,879
2,0,6,4120,0,0,1404
2,0,7,4210,0,0,1396
2,0,10,5915,0,0,853
2,0,6,3816,0,0,866
2,0,6,3816,0,0,868
2,0,7,4210,0,0,1393
2,0,7,6506,0,0,1987
2,0,6,3816,0,0,864
2,0,6,3816,0,0,862
2,0,6,3825,0,0,880
2,0,10,5915,0,0,851
2,0,6,3816,0,0,869
2,0,10,5915,0,0,842
2,0,6,3825,0,0,885
2,0,6,4130,0,0,1415
2,0,10,5915,0,0,844
2,0,10,5715,0,0,837
2,0,10,5715,0,0,836
2,0,6,4120,0,0,1408
2,0,6,4120,0,0,1400
2,0,6,3825,0,0,883
2,0,7,6505,0,0,1981
2,0,10,5715,0,0,835
2,0,6,3816,0,0,860
2,0,10,5915,0,0,847
2,0,10,5915,0,0,843
2,0,6,3816,0,0,859
2,0,10,5715,0,0,838
2,0,7,3330,0,0,1380
2,0,10,5915,0,0,854
3,0,19,9002,0,0,3656
2,0,7,6505,0,0,1984
2,0,6,3816,0,0,867
2,0,6,3816,0,0,865
2,0,6,3816,0,0,863
2,0,7,6506,0,0,1988
2,0,6,3816,0,0,861
2,0,10,5915,0,0,850
3,0,19,9002,0,0,3658
2,0,10,5915,0,0,849
3,0,19,9002,0,0,3655
3,0,19,9002,0,0,3657
2,0,6,3825,0,0,871
2,0,6,4130,0,0,1416
2,0,6,3825,0,0,870
3,0,19,9004,0,0,3634
2,0,10,5715,0,0,833
2,0,6,3825,0,0,872
2,0,10,5915,0,0,845
3,0,19,9004,0,0,3652
2,0,10,5715,0,0,834
2,0,7,4300,0,0,1435
2,0,6,3905,0,0,873
2,0,10,5716,0,0,832
2,0,7,4225,0,0,1432
2,0,7,4300,0,0,1434
2,0,7,4226,0,0,1421
3,0,19,9004,0,0,3651
2,0,10,5716,0,0,829
2,0,10,5815,0,0,826
2,0,10,5716,0,0,831
2,0,7,4225,0,0,1427
2,0,10,5915,0,0,848
2,0,10,5915,0,0,822
2,0,10,5915,0,0,846
2,0,7,4300,0,0,1437
2,0,10,5716,0,0,828
2,0,10,5716,0,0,830
2,0,7,6505,0,0,1985
2,0,6,3905,0,0,874
3,0,19,9015,0,0,3659
2,0,10,5716,0,0,797
2,0,10,5715,0,0,788
2,0,10,5815,0,0,827
2,0,10,5915,0,0,817
2,0,10,5815,0,0,825
2,0,10,5915,0,0,820
2,0,7,4226,0,0,1425
2,0,10,5815,0,0,824
2,0,10,5715,0,0,790
3,0,19,9004,0,0,3650
2,0,7,4226,0,0,1418
2,0,10,5915,0,0,823
2,0,10,5715,0,0,794
2,0,10,5715,0,0,792
2,0,7,4226,0,0,1422
2,0,10,5716,0,0,801
2,0,10,5716,0,0,799
2,0,7,4225,0,0,1433
3,0,19,9002,0,0,3649
2,0,10,5716,0,0,796
2,0,10,5716,0,0,802
2,0,10,5915,0,0,821
2,0,10,5915,0,0,818
2,0,10,5915,0,0,819
2,0,7,4300,0,0,1438
2,0,7,4300,0,0,1439
2,0,10,5915,0,0,816
2,0,8,4400,0,0,1480
2,0,7,4225,0,0,1429
2,0,10,5815,0,0,806
2,0,10,5815,0,0,805
2,0,10,5716,0,0,803
2,0,7,4226,0,0,1423
2,0,10,5715,0,0,787
3,0,19,9002,0,0,3642
3,0,19,9002,0,0,3645
2,0,10,5715,0,0,789
2,0,7,4300,0,0,1436
2,0,10,5716,0,0,795
2,0,10,5716,0,0,800
2,0,10,5715,0,0,791
2,0,10,5715,0,0,793
3,0,19,9015,0,0,3660
2,0,8,4400,0,0,1481
2,0,7,4225,0,0,1431
3,0,19,9002,0,0,3647
2,0,7,4226,0,0,1426
2,0,7,4300,0,0,1440
2,0,10,5716,0,0,798
2,0,10,5916,0,0,812
2,0,10,5916,0,0,814
2,0,10,5916,0,0,813
2,0,7,6505,0,0,1983
2,0,7,4607,0,0,1978
2,0,10,5815,0,0,804
2,0,9,6910,0,0,1992
2,0,10,5916,0,0,815
2,0,10,5815,0,0,808
2,0,10,5815,0,0,807
2,0,10,5815,0,0,809
2,0,10,5916,0,0,811
2,0,7,4226,0,0,1417
3,0,19,9004,0,0,3632
2,0,7,4607,0,0,1971
2,0,7,4226,0,0,1419
2,0,10,5716,0,0,782
2,0,10,5715,0,0,786
2,0,7,4607,0,0,1975
2,0,10,5716,0,0,781
2,0,10,5715,0,0,783
2,0,10,5715,0,0,784
2,0,7,4300,0,0,1441
2,0,10,5715,0,0,785
2,0,10,5916,0,0,810
2,0,10,5916,0,0,777
2,0,7,4225,0,0,1428
3,0,19,9002,0,0,3648
2,0,10,5916,0,0,772
2,0,8,4505,0,0,1430
2,0,7,4300,0,0,1443
2,0,7,4300,0,0,1442
2,0,10,5916,0,0,771
2,0,10,5815,0,0,780
2,0,7,4607,0,0,1979
2,0,10,5916,0,0,774
2,0,10,5916,0,0,773
2,0,7,4300,0,0,1447
2,0,9,6910,0,0,1986
2,0,10,5916,0,0,770
2,0,10,5916,0,0,775
2,0,10,5716,0,0,752
2,0,10,5716,0,0,755
2,0,8,4400,0,0,1482
3,0,19,9005,0,0,3633
2,0,10,5720,0,0,750
2,0,10,5815,0,0,778
2,0,10,5720,0,0,746
2,0,7,4607,0,0,1977
2,0,10,5720,0,0,748
2,0,7,4226,0,0,1424
2,0,10,5916,0,0,776
2,0,7,4226,0,0,1420
2,0,10,5720,0,0,745
2,0,10,5815,0,0,779
2,0,10,5716,0,0,753
3,0,19,9002,0,0,3640
3,0,19,9002,0,0,3641
2,0,8,4505,0,0,1458
2,0,7,4605,0,0,1970
2,0,7,4605,0,0,1444
2,0,7,4225,0,0,1449
2,0,8,4505,0,0,1455
2,0,7,4300,0,0,1448
3,0,19,9002,0,0,3646
3,0,19,9015,0,0,3639
2,0,7,6505,0,0,1980
2,0,8,4400,0,0,1486
2,0,7,4225,0,0,1453
3,0,19,9002,0,0,3643
2,0,8,4505,0,0,1456
3,0,19,9002,0,0,3644
2,0,10,5815,0,0,762
2,0,8,4400,0,0,1485
2,0,10,5916,0,0,768
2,0,10,5916,0,0,767
2,0,10,5916,0,0,766
2,0,10,5716,0,0,756
2,0,7,4225,0,0,1451
2,0,8,4400,0,0,1483
2,0,10,5716,0,0,751
2,0,10,5720,0,0,749
2,0,10,5815,0,0,758
2,0,10,5716,0,0,757
2,0,7,4607,0,0,1974
2,0,10,5720,0,0,747
2,0,10,5916,0,0,765
2,0,10,5916,0,0,763
2,0,10,5720,0,0,744
2,0,10,5815,0,0,761
2,0,7,4605,0,0,1446
2,0,10,5815,0,0,760
2,0,7,4226,0,0,1461
2,0,8,4505,0,0,1454
2,0,10,5916,0,0,764
2,0,8,4400,0,0,1484
2,0,10,5720,0,0,743
2,0,10,5716,0,0,754
2,0,7,4605,0,0,1969
2,0,7,6505,0,0,1982
2,0,10,5815,0,0,759
2,0,10,5916,0,0,769
2,0,10,5916,0,0,721
2,0,7,4605,0,0,1445
2,0,10,5916,0,0,718
2,0,10,5720,0,0,739
2,0,10,5916,0,0,719
3,0,19,9902,0,0,3630
2,0,10,5720,0,0,734
2,0,10,5720,0,0,737
3,0,19,9902,0,0,3629
2,0,7,4226,0,0,1460
2,0,10,5916,0,0,722
2,0,10,5720,0,0,741
2,0,7,4226,0,0,1459
3,0,19,9005,0,0,3561
2,0,8,4505,0,0,1457
2,0,10,5916,0,0,720
2,0,10,5916,0,0,723
3,0,19,9901,0,0,3631
3,0,19,9015,0,0,3638
2,0,10,5916,0,0,724
2,0,10,5825,0,0,727
2,0,10,5716,0,0,729
2,0,10,5716,0,0,730
2,0,10,5720,0,0,742
2,0,8,4505,0,0,1473
2,0,7,4605,0,0,1967
2,0,10,5825,0,0,725
2,0,10,5826,0,0,731
2,0,10,5720,0,0,733
2,0,10,5720,0,0,736
2,0,8,4400,0,0,1487
3,0,19,9901,0,0,3564
2,0,7,4225,0,0,1452
3,0,19,9902,0,0,3626
2,0,8,4505,0,0,1467
2,0,8,4505,0,0,1477
2,0,7,4605,0,0,1973
2,0,10,5825,0,0,728
2,0,10,5720,0,0,738
2,0,10,5720,0,0,740
2,0,8,4506,0,0,1450
2,0,10,5720,0,0,732
2,0,10,5925,0,0,713
3,0,19,9902,0,0,3628
2,0,8,4400,0,0,1488
2,0,10,5825,0,0,726
2,0,8,4505,0,0,1469
2,0,7,6505,0,0,1950
2,0,10,5720,0,0,735
2,0,10,5825,0,0,704
2,0,8,4505,0,0,1474
2,0,10,5925,0,0,716
3,0,19,9902,0,0,3625
2,0,10,5826,0,0,703
2,0,10,5826,0,0,702
2,0,10,5925,0,0,715
2,0,7,4605,0,0,1968
2,0,8,4400,0,0,1489
3,0,19,9002,0,0,3636
2,0,10,5925,0,0,710
2,0,10,5925,0,0,709
2,0,10,5826,0,0,699
2,0,10,5925,0,0,711
2,0,8,4506,0,0,1465
3,0,19,9902,0,0,3627
2,0,10,5720,0,0,694
2,0,10,5925,0,0,717
2,0,7,4607,0,0,1951
2,0,7,4225,0,0,1479
2,0,8,4810,0,0,1462
2,0,10,5825,0,0,708
2,0,7,4226,0,0,1464
2,0,10,5720,0,0,698
2,0,8,4505,0,0,1478
2,0,8,4506,0,0,1472
3,0,19,9902,0,0,3611
3,0,19,9902,0,0,3609
2,0,10,5720,0,0,697
3,0,19,9901,0,0,3607
2,0,10,5720,0,0,696
2,0,10,5925,0,0,712
2,0,7,4605,0,0,1976
2,0,10,5826,0,0,701
2,0,10,5826,0,0,700
2,0,10,5720,0,0,695
2,0,10,5825,0,0,707
3,0,19,9902,0,0,3619
3,0,19,9902,0,0,3616
2,0,10,5825,0,0,706
2,0,10,5825,0,0,705
2,0,8,4400,0,0,1490
2,0,10,5925,0,0,714
3,0,19,9015,0,0,3637
3,0,19,9902,0,0,3612
3,0,19,9902,0,0,3623
3,0,19,9902,0,0,3621
2,0,8,4506,0,0,1475
3,0,19,9902,0,0,3618
2,0,8,4506,0,0,1470
2,0,7,4605,0,0,1972
2,0,8,4400,0,0,1491
3,0,19,9902,0,0,3615
2,0,10,5826,0,0,686
2,0,8,4506,0,0,1518
3,0,19,9904,0,0,3592
3,0,19,9902,0,0,3608
2,0,7,4605,0,0,1966
2,0,8,4506,0,0,1468
2,0,10,5720,0,0,687
3,0,19,9902,0,0,3622
2,0,10,5720,0,0,688
3,0,19,9902,0,0,3620
2,0,7,4226,0,0,1463
2,0,10,5825,0,0,672
3,0,19,9902,0,0,3617
2,0,10,5720,0,0,689
3,0,19,9902,0,0,3614
3,0,19,9902,0,0,3613
2,0,7,4605,0,0,1965
2,0,8,4506,0,0,1466
3,0,19,9902,0,0,3610
2,0,7,6505,0,0,1949
2,0,10,5720,0,0,692
2,0,10,5925,0,0,668
2,0,8,4506,0,0,1476
2,0,8,4506,0,0,1471
2,0,10,5925,0,0,664
2,0,10,5925,0,0,667
2,0,10,5925,0,0,666
2,0,10,5925,0,0,665
2,0,10,5825,0,0,670
2,0,10,5825,0,0,671
2,0,10,5720,0,0,690
2,0,7,4606,0,0,1964
2,0,10,5825,0,0,673
2,0,8,4400,0,0,1493
3,0,19,9904,0,0,3591
3,0,19,9902,0,0,3624
3,0,19,9902,0,0,3597
3,0,19,9904,0,0,3594
2,0,8,4506,0,0,1514
2,0,8,4400,0,0,1495
3,0,19,9902,0,0,3604
3,0,19,9902,0,0,3599
2,0,8,4400,0,0,1492
3,0,19,9902,0,0,3602
2,0,10,5825,0,0,669
2,0,8,4506,0,0,1511
3,0,19,9904,0,0,3589
2,0,7,4607,0,0,1955
2,0,10,5720,0,0,684
3,0,19,9902,0,0,3595
2,0,10,5720,0,0,683
2,0,8,4810,0,0,1502
2,0,10,5720,0,0,682
3,0,19,9904,0,0,3590
3,0,19,9904,0,0,3593
2,0,8,4506,0,0,1519
2,0,10,5826,0,0,685
2,0,10,5925,0,0,659
2,0,10,5925,0,0,663
2,0,7,4605,0,0,1958
2,0,10,5925,0,0,661
2,0,10,5925,0,0,658
3,0,19,9902,0,0,3605
2,0,7,6505,0,0,1947
2,0,8,4400,0,0,1498
2,0,10,5720,0,0,693
2,0,10,5825,0,0,655
3,0,19,9902,0,0,3606
3,0,19,9902,0,0,3596
2,0,8,4506,0,0,1517
3,0,19,9902,0,0,3601
2,0,10,5925,0,0,660
3,0,19,9902,0,0,3603
2,0,8,4506,0,0,1509
2,0,10,5925,0,0,662
2,0,10,5826,0,0,675
2,0,10,5720,0,0,691
2,0,10,5720,0,0,681
2,0,10,5825,0,0,657
2,0,8,4506,0,0,1512
2,0,10,5825,0,0,656
2,0,8,4810,0,0,1499
2,0,7,4605,0,0,1962
3,0,19,9015,0,0,3635
2,0,8,4400,0,0,1494
3,0,19,9902,0,0,3598
2,0,8,5010,0,0,1506
2,0,10,5720,0,0,680
3,0,19,9904,0,0,3585
3,0,19,9904,0,0,3587
3,0,19,9914,0,0,3700
2,0,10,5720,0,0,679
2,0,10,5825,0,0,654
2,0,10,5925,0,0,643
2,0,10,5925,0,0,645
2,0,8,4506,0,0,1515
2,0,10,5925,0,0,647
2,0,10,5826,0,0,674
3,0,19,9904,0,0,3583
2,0,8,5020,0,0,1522
3,0,19,9904,0,0,3588
3,0,19,9005,0,0,3562
2,0,8,4810,0,0,1503
2,0,10,5825,0,0,652
2,0,10,5925,0,0,646
2,0,10,5825,0,0,653
2,0,10,5925,0,0,648
2,0,8,4810,0,0,1505
2,0,10,5925,0,0,649
2,0,10,5720,0,0,677
3,0,19,9900,0,0,3582
3,0,19,9902,0,0,3600
2,0,10,5825,0,0,650
2,0,10,5925,0,0,641
2,0,8,5010,0,0,1510
2,0,10,5720,0,0,678
2,0,8,4506,0,0,1513
2,0,10,5925,0,0,642
2,0,10,5925,0,0,644
2,0,7,4607,0,0,1952
2,0,8,5020,0,0,1520
2,0,8,4810,0,0,1501
3,0,19,9904,0,0,3584
2,0,7,4607,0,0,1954
3,0,19,9904,0,0,3586
2,0,8,4506,0,0,1516
2,0,7,4607,0,0,1957
2,0,8,4810,0,0,1500
2,0,10,5825,0,0,651
2,0,8,4810,0,0,1504
2,0,8,5010,0,0,1507
2,0,10,5925,0,0,637
2,0,8,4400,0,0,1497
2,0,10,5825,0,0,630
2,0,10,6114,0,0,638
2,0,7,4606,0,0,1961
2,0,10,6114,0,0,639
2,0,10,5825,0,0,634
2,0,10,5825,0,0,635
3,0,19,9901,0,0,3565
3,0,19,9901,0,0,3567
2,0,7,6505,0,0,1948
2,0,10,5825,0,0,633
2,0,8,5010,0,0,1508
2,0,10,5925,0,0,636
2,0,8,5010,0,0,1529
2,0,10,6114,0,0,640
3,0,19,9900,0,0,3581
2,0,11,5825,0,0,631
2,0,10,6114,0,0,624
2,0,11,5825,0,0,632
3,0,19,9904,0,0,3577
3,0,19,9904,0,0,3578
3,0,19,9900,0,0,3580
3,0,19,9916,0,0,3576
2,0,11,6010,0,0,629
3,0,19,9900,0,0,3579
2,0,10,6114,0,0,623
2,0,10,6114,0,0,622
2,0,8,5020,0,0,1525
2,0,8,5020,0,0,1521
2,0,8,5010,0,0,1527
2,0,10,6114,0,0,625
2,0,10,6114,0,0,626
2,0,11,6010,0,0,627
2,0,8,5020,0,0,1523
2,0,8,4810,0,0,1535
2,0,8,4810,0,0,1538
2,0,10,6114,0,0,621
2,0,11,6010,0,0,628
3,0,19,9902,0,0,3568
2,0,8,5010,0,0,1531
2,0,7,4607,0,0,1945
2,0,8,4400,0,0,1496
3,0,19,9017,0,0,3563
3,0,19,9914,0,0,3699
2,0,10,6114,0,0,620
2,0,10,6114,0,0,619
2,0,11,6010,0,0,614
2,0,10,6114,0,0,618
2,0,10,6114,0,0,617
2,0,10,6114,0,0,616
2,0,11,6010,0,0,615
2,0,10,5720,0,0,676
2,0,11,6010,0,0,613
2,0,11,6010,0,0,611
2,0,11,6010,0,0,610
2,0,11,6010,0,0,612
2,0,8,4810,0,0,1537
3,0,19,9900,0,0,3570
2,0,8,4810,0,0,1540
2,0,11,6010,1,0,545
3,0,19,9900,0,0,3572
2,0,11,6010,1,0,540
2,0,11,6010,1,0,541
2,0,12,6114,0,0,595
2,0,11,6010,1,0,546
2,0,12,6114,0,0,597
2,0,12,6114,0,0,599
2,0,11,6010,1,0,542
2,0,11,6010,1,0,478
2,0,8,4810,0,0,1534
2,0,12,6114,0,0,601
2,0,9,6910,0,0,1994
2,0,11,6010,1,0,533
2,0,12,6113,0,0,608
2,0,9,6606,0,0,1946
2,0,11,6010,1,0,534
2,0,12,6113,0,0,603
2,0,12,6114,0,0,593
2,0,11,6010,1,0,543
2,0,12,6113,0,0,609
2,0,11,6010,1,0,535
2,0,12,6113,0,0,605
2,0,8,5020,0,0,1526
2,0,11,6010,1,0,544
2,0,11,6010,1,0,536
2,0,8,5010,0,0,1528
2,0,11,6010,1,0,526
2,0,8,5010,0,0,1530
2,0,8,4810,0,0,1539
2,0,11,6010,1,0,537
2,0,7,4607,0,0,1953
2,0,8,4810,0,0,1536
2,0,8,5020,0,0,1524
2,0,8,5010,0,0,1532
2,0,11,6010,1,0,527
2,0,7,4606,0,0,1959
2,0,8,5010,0,0,1533
2,0,12,6113,0,0,607
2,0,11,6010,1,0,538
2,0,11,6010,1,0,528
3,0,19,9005,0,0,3560
3,0,19,9904,0,0,3574
2,0,11,6010,1,0,529
2,0,12,6113,0,0,578
3,0,19,9904,0,0,3573
3,0,19,9916,0,0,3575
2,0,7,4607,0,0,1956
2,0,11,6010,1,0,518
2,0,12,6114,0,0,594
2,0,11,6010,1,0,539
2,0,12,6114,0,0,596
2,0,12,6114,0,0,598
2,0,11,6010,1,0,530
2,0,12,6114,0,0,600
2,0,11,6010,1,0,519
2,0,7,4606,0,0,1963
2,0,12,6113,0,0,606
2,0,12,6113,0,0,602
2,0,12,6114,0,0,592
2,0,11,6010,1,0,531
2,0,11,6010,1,0,520
2,0,12,6113,0,0,604
2,0,12,6113,0,0,580
3,0,19,9900,0,0,3569
2,0,11,6010,1,0,532
2,0,11,6010,1,0,521
2,0,12,6113,0,0,577
2,0,11,6010,1,0,522
2,0,11,6010,1,0,508
3,0,19,9900,0,0,3571
2,0,12,6113,0,0,582
2,0,11,6010,1,0,509
2,0,11,6010,1,0,523
2,0,12,6113,0,0,579
2,0,11,6010,1,0,510
2,0,12,6114,0,0,591
2,0,11,6010,1,0,524
2,0,7,4606,0,0,1960
2,0,12,6113,0,0,583
2,0,12,6113,0,0,572
2,0,11,6010,1,0,511
2,0,8,5020,0,0,1573
2,0,11,6010,1,0,525
2,0,11,6010,1,0,512
3,0,19,9017,0,0,3566
2,0,11,6010,1,0,513
2,0,12,6113,0,0,573
2,0,12,6113,0,0,581
2,0,11,6010,1,0,498
2,0,11,6010,1,0,479
2,0,12,6113,0,0,584
2,0,11,6010,1,0,499
2,0,11,6010,1,0,514
2,0,12,6114,0,0,589
2,0,12,6114,0,0,588
2,1,8,4900,0,0,1553
2,0,12,6114,0,0,587
2,1,8,4900,0,0,1550
2,0,12,6114,0,0,586
2,1,8,4900,0,0,1547
2,0,12,6114,0,0,590
2,1,8,4900,0,0,1544
2,0,11,6010,1,0,515
2,0,12,6113,0,0,575
2,0,11,6010,1,0,500
3,0,19,9914,0,0,3697
2,0,8,5100,0,0,1542
2,0,7,4607,0,0,1944
2,0,8,5020,0,0,1571
2,0,12,6113,0,0,585
2,0,8,5020,0,0,1569
2,0,11,6020,1,0,480
2,0,12,6113,0,0,571
2,0,8,5020,0,0,1566
2,0,11,6010,1,0,501
2,0,11,6010,1,0,516
2,0,8,5010,0,0,1564
2,0,12,6113,0,0,576
2,0,8,5010,0,0,1562
2,0,11,6010,1,0,502
2,0,11,6020,1,0,481
2,0,8,5010,0,0,1560
2,0,11,6010,1,0,517
2,0,8,5010,0,0,1558
2,0,8,5010,0,0,1556
2,0,11,6020,1,0,467
2,0,11,6010,1,0,503
3,0,19,9914,0,0,3698
2,0,12,6113,0,0,574
2,0,11,6020,1,0,482
2,0,8,4820,0,0,1543
2,0,11,6020,1,0,449
2,0,11,6010,1,0,504
2,0,11,6020,1,0,468
2,0,12,6114,0,0,417
2,0,11,6020,1,0,483
2,0,11,6010,1,0,505
2,0,12,6113,0,0,570
2,0,11,6020,1,0,457
2,0,11,6020,1,0,492
2,0,11,6020,1,0,469
2,0,11,6010,1,0,506
2,0,12,6113,0,0,566
2,0,11,6020,1,0,484
2,0,11,6020,1,0,458
2,1,8,4900,0,0,1554
2,0,11,6020,1,0,470
2,1,8,4900,0,0,1551
2,0,12,6113,0,0,569
3,0,19,9915,0,0,3551
2,1,8,4900,0,0,1548
2,0,12,6114,0,0,564
2,0,12,6113,0,0,567
2,0,8,5100,0,0,1541
2,0,12,6113,0,0,568
2,0,11,6010,1,0,507
2,1,8,4900,0,0,1545
2,0,11,6020,1,0,493
2,0,11,6020,1,0,485
2,0,12,6114,0,0,561
2,0,11,6020,1,0,459
2,0,12,6113,0,0,565
2,0,12,6114,0,0,562
2,0,11,6020,1,0,471
2,0,11,6020,1,0,450
2,0,11,6020,1,0,494
2,0,11,6020,1,0,486
2,0,11,6020,1,0,460
2,0,12,6114,0,0,563
2,0,11,6020,1,0,472
2,0,11,6020,1,0,451
2,0,11,6020,1,0,487
2,0,11,6020,1,0,461
2,0,12,6114,0,0,560
2,0,11,6020,1,0,473
2,0,12,6113,0,0,548
2,0,11,6020,1,0,495
2,0,11,6020,1,0,452
2,0,11,6020,1,0,488
2,0,11,6020,1,0,462
2,0,12,6113,0,0,552
2,0,12,6114,0,0,556
2,0,11,6020,1,0,474
2,0,12,6113,0,0,550
2,0,11,6020,1,0,496
2,0,11,6020,1,0,453
2,0,11,6020,1,0,489
2,0,11,6020,1,0,463
2,0,8,5020,0,0,1572
2,0,11,6020,1,0,475
2,0,8,5010,0,0,1561
2,0,8,5205,0,0,1559
2,0,11,6020,1,0,454
2,0,11,6020,1,0,497
2,0,12,6113,0,0,554
2,0,7,4606,0,0,1939
2,0,11,6020,1,0,446
2,0,12,6113,0,0,553
2,0,11,6020,1,0,490
2,0,11,6020,1,0,445
2,0,11,6020,1,0,464
2,1,8,4900,0,0,1552
2,1,8,4900,0,0,1555
2,1,8,4900,0,0,1549
2,1,8,4900,0,0,1546
2,0,12,6113,0,0,547
2,0,11,6020,1,0,476
2,0,12,6114,0,0,559
2,0,11,6020,1,0,491
2,0,12,6114,0,0,558
2,0,7,4606,0,0,1942
2,0,11,6020,1,0,465
3,0,19,9916,0,0,3543
2,0,11,6020,1,0,477
2,0,8,5020,0,0,1574
2,0,11,6020,1,0,447
2,0,8,5010,0,0,1563
2,0,11,6020,1,0,455
2,0,11,6020,1,0,456
2,0,11,6020,1,0,448
2,0,11,6020,1,0,466
2,0,8,5205,0,0,1557
3,0,19,9916,0,0,3545
2,0,12,6113,0,0,549
3,0,19,9915,0,0,3547
2,0,12,6113,0,0,551
2,0,12,6114,0,0,557
3,0,19,9915,0,0,3549
2,0,12,6114,0,0,555
2,0,8,5010,0,0,1565
2,0,8,5020,0,0,1570
2,0,12,6123,0,0,439
2,0,8,5100,0,0,1592
2,0,7,4607,0,0,1943
2,0,8,5020,0,0,1567
2,0,12,6123,0,0,441
2,0,12,6113,0,0,429
2,0,12,6123,0,0,431
2,0,12,6123,0,0,433
2,0,12,6123,0,0,435
2,0,12,6123,0,0,437
2,0,12,6114,0,0,421
2,0,12,6114,0,0,418
2,0,8,5020,0,0,1568
2,0,12,6123,0,0,443
2,0,8,5020,0,0,1576
2,0,12,6123,0,0,438
2,0,12,6113,0,0,425
2,0,12,6113,0,0,426
3,0,19,9006,0,0,3559
2,0,12,6114,0,0,419
2,0,12,6114,0,0,423
2,0,12,6113,0,0,427
2,0,12,6125,0,0,444
2,0,12,6114,0,0,422
2,0,12,6114,0,0,424
2,0,8,5020,0,0,1575
2,0,8,5205,0,0,1585
2,0,12,6126,0,0,347
2,0,7,4606,0,0,1936
2,0,8,5205,0,0,1582
2,0,12,6123,0,0,436
2,0,12,6114,0,0,420
2,0,12,6123,0,0,430
2,0,12,6123,0,0,434
2,0,12,6123,0,0,442
2,0,12,6123,0,0,432
2,0,8,4820,0,0,1588
2,0,12,6123,0,0,440
2,0,9,5426,0,0,1922
2,0,8,5205,0,0,1586
2,0,8,5205,0,0,1580
2,0,8,4820,0,0,1589
2,0,8,5100,0,0,1594
2,0,12,6113,0,0,428
2,0,8,4820,0,0,1590
2,0,8,4820,0,0,1591
2,0,8,5100,0,0,1595
2,0,8,5205,0,0,1587
2,0,12,6115,0,0,414
2,0,12,6115,0,0,409
2,0,8,5020,0,0,1577
2,0,12,6115,0,0,408
2,0,12,6115,0,0,413
3,0,19,9913,0,0,3694
2,0,8,5020,0,0,1578
2,0,8,5205,0,0,1583
2,0,8,5100,0,0,1593
3,0,19,9017,0,0,3555
2,0,12,6123,0,0,402
2,0,12,6124,0,0,400
2,0,12,6124,0,0,398
2,0,9,5415,0,0,1579
2,0,8,5205,0,0,1581
2,0,12,6123,0,0,406
3,0,19,9006,0,0,3556
2,0,12,6125,0,0,394
2,0,7,4606,0,0,1938
2,0,12,6115,0,0,412
2,0,12,6115,0,0,410
3,0,19,9915,0,0,3553
2,0,12,6115,0,0,407
2,0,12,6115,0,0,415
3,0,19,9017,0,0,3554
2,0,8,5205,0,0,1584
2,0,12,6123,0,0,403
2,0,12,6115,0,0,411
2,0,7,4606,0,0,1941
2,0,12,6125,0,0,390
3,0,19,9915,0,0,3550
2,0,12,6125,0,0,395
2,0,7,4606,0,0,1937
2,0,12,6115,0,0,416
2,0,12,6124,0,0,396
2,0,12,6123,0,0,401
2,0,9,5415,0,0,1614
2,0,12,6124,0,0,397
3,0,19,9916,0,0,3544
2,0,12,6124,0,0,399
3,0,19,9915,0,0,3546
3,0,19,9915,0,0,3548
2,0,9,5415,0,0,1618
3,0,19,9916,0,0,3542
3,0,19,9915,0,0,3552
2,0,12,6123,0,0,405
2,0,12,6115,0,0,380
2,0,9,5415,0,0,1620
2,0,9,5415,0,0,1612
2,0,12,6115,0,0,378
2,0,12,6123,0,0,404
2,0,12,6115,0,0,375
2,0,8,4820,0,0,1604
2,0,8,5100,0,0,1599
2,0,8,5100,0,0,1596
2,0,12,6126,0,0,392
2,0,12,6115,0,0,372
2,0,9,5415,0,0,1622
2,0,12,6115,0,0,377
3,0,19,9913,0,0,3693
3,0,19,9914,0,0,3695
2,0,8,4820,0,0,1605
2,0,12,6123,0,0,384
2,0,8,5100,0,0,1601
2,0,12,6123,0,0,381
2,0,12,6123,0,0,382
2,0,8,4820,0,0,1602
2,0,9,6606,0,0,1920
2,0,12,6115,0,0,374
2,0,12,6123,0,0,385
2,0,12,6124,0,0,387
2,0,12,6124,0,0,386
2,0,12,6124,0,0,388
2,0,9,5205,0,0,1611
2,0,9,5415,0,0,1615
2,0,9,5205,0,0,1610
2,0,9,5415,0,0,1619
2,0,12,6115,0,0,379
2,0,8,5205,0,0,1609
2,0,7,4606,0,0,1935
3,0,19,9914,0,0,3696
2,0,12,6126,0,0,393
2,0,8,5205,0,0,1608
2,0,12,6125,0,0,391
3,0,19,9006,0,0,3557
3,0,19,9913,0,0,3691
2,0,12,6115,0,0,376
2,0,8,5205,0,0,1606
2,0,12,6123,0,0,383
2,0,12,6125,0,0,389
2,0,7,4606,0,0,1940
2,0,9,5415,0,0,1613
2,0,12,6115,0,0,366
2,0,9,6910,0,0,1995
2,0,9,5415,0,0,1621
2,0,9,5415,0,0,1617
2,0,12,6115,0,0,365
2,0,12,6124,0,0,358
2,0,12,6115,0,0,367
2,0,12,6115,0,0,369
3,0,19,9915,0,0,3538
2,0,12,6124,0,0,357
2,0,12,6115,0,0,373
2,0,9,5426,0,0,1923
2,0,12,6115,0,0,370
2,0,12,6125,0,0,351
2,0,12,6126,0,0,348
2,0,9,5415,0,0,1616
2,0,8,5205,0,0,1607
2,0,12,6115,0,0,362
3,0,19,9915,0,0,3535
2,0,12,6115,0,0,371
2,0,12,6124,0,0,355
2,0,12,6115,0,0,363
2,0,12,6124,0,0,354
2,0,12,6124,0,0,353
2,0,12,6124,0,0,359
2,0,9,5305,0,0,1603
2,0,12,6126,0,0,349
2,0,12,6115,0,0,364
2,0,8,5100,0,0,1597
2,0,12,6124,0,0,356
3,0,19,9915,0,0,3539
2,0,13,6213,0,0,315
2,0,12,6124,0,0,352
3,0,19,9913,0,0,3692
3,0,19,9916,0,0,3540
2,0,8,5100,0,0,1598
2,0,12,6125,0,0,350
2,0,12,6115,0,0,368
3,0,19,9916,0,0,3541
3,0,19,9915,0,0,3536
3,0,19,9913,0,0,3690
2,0,9,5415,0,0,1623
2,0,9,5415,0,0,1624
3,0,19,9018,0,0,3524
2,0,12,6126,0,0,346
2,0,9,5426,0,0,1924
2,0,9,5426,0,0,1921
2,0,8,5100,0,0,1600
3,0,19,9018,0,0,3527
3,0,19,9018,0,0,3532
2,0,9,5415,0,0,1626
2,0,7,4606,0,0,1934
2,0,9,5415,0,0,1628
2,0,7,4606,0,0,1933
2,0,12,6115,0,0,360
2,0,12,6124,0,0,338
2,0,9,5415,0,0,1625
2,0,13,6214,0,0,303
2,0,12,6115,0,0,361
2,0,13,6213,0,0,318
2,0,12,6124,0,0,340
2,0,9,5305,0,0,1635
2,0,9,5305,0,0,1633
2,0,12,6124,0,0,337
2,0,9,5305,0,0,1632
2,0,13,6213,0,0,321
3,0,19,9915,0,0,3537
2,0,12,6126,0,0,345
2,0,9,5205,0,0,1630
2,0,9,5205,0,0,1631
2,0,12,6126,0,0,344
2,0,9,5426,0,0,1925
2,0,13,6214,0,0,306
2,0,12,6124,0,0,339
3,0,19,9018,0,0,3534
2,0,13,6213,0,0,324
3,0,19,9018,0,0,3526
2,0,12,6125,0,0,343
2,0,12,6125,0,0,342
2,0,13,6216,0,0,299
2,0,9,5305,0,0,1637
2,0,13,6213,0,0,314
2,0,12,6124,0,0,341
2,0,13,6213,0,0,312
2,0,13,6316,0,0,327
2,0,13,6316,0,0,329
2,0,13,6215,0,0,310
2,0,9,5425,0,0,1627
2,0,13,6214,0,0,301
2,0,9,5426,0,0,1927
2,0,13,6215,0,0,308
2,0,13,6213,0,0,317
3,0,19,9006,0,0,3521
2,0,13,6214,0,0,305
2,0,9,5425,0,0,1629
2,0,12,6124,0,0,336
2,0,13,6213,0,0,320
2,0,13,6214,0,0,302
2,0,9,5426,0,0,1648
2,0,9,5305,0,0,1636
2,0,13,6213,0,0,323
3,0,19,9018,0,0,3523
2,0,13,6316,0,0,326
2,0,9,5305,0,0,1634
3,0,19,9914,0,0,3689
3,0,19,9018,0,0,3533
2,0,12,6125,0,0,334
3,0,19,9018,0,0,3531
2,0,12,6126,0,0,333
2,0,13,6215,0,0,307
2,0,13,6215,0,0,309
2,0,13,6213,0,0,311
2,0,13,6215,0,0,304
2,0,13,6213,0,0,313
2,0,13,6213,0,0,316
2,0,13,6216,0,0,298
2,0,13,6216,0,0,300
2,0,9,5426,0,0,1649
2,0,9,5425,0,0,1647
2,0,13,6216,0,0,297
2,0,12,6125,0,0,335
2,0,13,6316,0,0,325
2,0,13,6316,0,0,328
2,0,13,6213,0,0,319
2,0,13,6213,0,0,322
3,0,19,9006,0,0,3558
2,0,9,5426,0,0,1926
2,0,9,5426,0,0,1930
2,0,9,5305,0,0,1638
3,0,19,9006,0,0,3522
3,0,19,9018,0,0,3525
2,0,13,6216,0,0,202
2,0,13,6316,0,0,330
2,0,9,5425,0,0,1644
2,0,13,6316,0,0,259
2,0,9,5425,0,0,1643
2,0,9,5425,0,0,1645
2,0,9,5426,0,0,1928
2,0,9,5305,0,0,1640
2,0,9,5305,0,0,1639
2,0,9,5305,0,0,1642
2,0,13,6216,0,0,296
2,0,13,6216,0,0,293
2,0,13,6216,0,0,291
2,0,13,6213,0,0,270
2,0,13,6215,0,0,286
2,0,9,5305,0,0,1641
3,0,19,9018,0,0,3529
2,0,13,6215,0,0,284
2,0,13,6215,0,0,282
2,0,13,6215,0,0,280
2,0,13,6316,0,0,255
2,0,13,6215,0,0,278
2,0,13,6215,0,0,287
3,0,19,9018,0,0,3530
2,0,13,6213,0,0,275
2,0,13,6316,0,0,265
2,0,13,6215,0,0,289
2,0,13,6213,0,0,273
2,0,13,6213,0,0,272
3,0,19,9009,0,0,3509
2,0,13,6316,0,0,263
2,0,13,6213,0,0,268
2,0,13,6213,0,0,267
2,0,9,6606,0,0,1919
2,0,13,6316,0,0,257
2,0,13,6316,0,0,266
2,0,13,6213,0,0,269
2,0,13,6316,0,0,261
2,0,9,5426,0,0,1931
2,0,13,6216,0,0,294
3,0,19,9018,0,0,3528
2,0,9,5426,0,0,1915
2,0,12,6126,0,0,331
2,0,9,5425,0,0,1646
2,0,13,6216,0,0,295
3,0,19,9009,0,0,3512
2,0,13,6216,0,0,292
2,0,13,6215,0,0,285
2,0,13,6216,0,0,290
2,0,13,6215,0,0,283
2,0,13,6215,0,0,281
2,0,13,6215,0,0,279
2,0,9,5426,0,0,1916
2,0,13,6215,0,0,277
2,0,13,6316,0,0,258
2,0,9,5425,0,0,1653
2,0,13,6215,0,0,276
3,0,19,9914,0,0,3688
2,0,13,6224,0,0,271
2,0,13,6316,0,0,253
2,0,13,6316,0,0,256
2,0,13,6215,0,0,288
2,0,13,6224,0,0,274
2,0,13,6316,0,0,252
2,0,13,6316,0,0,264
2,0,13,6316,0,0,262
2,0,13,6316,0,0,260
2,0,9,5426,0,0,1929
2,0,9,5425,0,0,1651
2,0,9,5425,0,0,1659
2,0,13,6316,0,0,254
2,0,13,6224,0,0,230
2,0,13,6224,0,0,232
2,0,9,5425,0,0,1660
2,0,9,5426,0,0,1932
2,0,9,5305,0,0,1663
2,0,9,5425,0,0,1658
2,0,9,5425,0,0,1650
2,0,9,5425,0,0,1657
2,0,13,6216,0,0,205
2,0,13,6216,0,0,207
2,0,9,5305,0,0,1661
2,0,13,6215,0,0,219
2,0,13,6216,0,0,209
2,0,13,6216,0,0,211
2,0,13,6215,0,0,213
2,0,9,5305,0,0,1662
2,0,13,6215,0,0,215
3,0,19,9914,0,0,3686
2,0,13,6215,0,0,223
2,0,13,6224,0,0,228
2,0,13,6215,0,0,225
2,0,9,5425,0,0,1654
2,0,13,6224,0,0,229
2,0,13,6215,0,0,221
2,0,13,6224,0,0,226
2,0,13,6215,0,0,217
2,0,13,6316,0,0,234
2,0,13,6316,0,0,236
2,0,13,6316,0,0,250
2,0,13,6316,0,0,238
2,0,9,5425,0,0,1652
2,0,13,6316,0,0,248
2,0,13,6316,0,0,240
2,0,13,6316,0,0,242
2,0,13,6316,0,0,244
2,0,13,6316,0,0,246
3,0,19,9018,0,0,3514
2,0,9,5425,0,0,1656
2,0,9,5425,0,0,1655
3,0,19,9006,0,0,3519
2,0,9,5305,0,0,1666
2,0,9,5305,0,0,1664
2,0,13,6216,0,0,204
2,0,13,6216,0,0,201
2,0,13,6216,0,0,203
2,0,13,6216,0,0,206
3,0,19,9018,0,0,3515
2,0,13,6215,0,0,218
2,0,13,6216,0,0,208
2,0,13,6216,0,0,210
2,0,13,6215,0,0,212
2,0,13,6215,0,0,214
2,0,13,6224,0,0,227
2,0,13,6224,0,0,222
2,0,13,6224,0,0,220
2,0,13,6224,0,0,224
2,0,13,6224,0,0,231
2,0,9,5425,0,0,1674
2,0,13,6215,0,0,216
2,0,9,5425,0,0,1670
2,0,13,6316,0,0,233
2,0,13,6316,0,0,235
2,0,13,6316,0,0,237
2,0,13,6316,0,0,239
2,0,13,6316,0,0,241
2,0,13,6316,0,0,243
2,0,13,6316,0,0,245
2,0,13,6316,0,0,247
2,0,13,6316,0,0,249
2,0,9,5306,0,0,1692
2,0,13,6316,0,0,251
2,0,9,5425,0,0,1676
3,0,19,9914,0,0,3687
2,0,9,5305,0,0,1669
2,0,9,5305,0,0,1668
2,0,9,5425,0,0,1672
2,0,9,5426,0,0,1910
2,0,13,6226,0,0,200
2,0,12,6126,0,0,332
2,0,13,6226,0,0,198
2,0,13,6226,0,0,196
2,0,13,6226,0,0,194
2,0,9,5306,0,0,1665
2,0,9,5425,0,0,1673
2,0,13,6226,0,0,192
2,0,13,6224,0,0,176
2,0,13,6226,0,0,190
2,0,13,6226,0,0,188
2,0,13,6226,0,0,186
2,0,9,5425,0,0,1671
2,0,13,6226,0,0,184
2,0,13,6226,0,0,182
2,0,13,6224,0,0,180
2,0,13,6224,0,0,177
2,0,9,5306,0,0,1667
2,0,9,5425,0,0,1675
2,0,13,6224,0,0,173
2,0,9,5426,0,0,1912
2,0,13,6316,0,0,169
2,0,13,6224,0,0,171
2,0,13,6316,0,0,167
2,0,9,5426,0,0,1917
2,0,13,6316,0,0,165
2,0,13,6316,0,0,163
2,0,13,6316,0,0,161
2,0,13,6316,0,0,159
2,0,13,6316,0,0,157
2,0,9,5426,0,0,1911
2,0,13,6316,0,0,155
2,0,13,6316,0,0,154
2,0,13,6224,0,0,175
2,0,9,5426,0,0,1909
2,0,9,5425,0,0,1685
2,0,13,6224,0,0,174
2,0,13,6216,0,0,105
2,0,9,5426,0,0,1913
2,0,13,6226,0,0,199
2,0,13,6226,0,0,197
2,0,13,6226,0,0,195
2,0,9,5425,0,0,1678
2,0,13,6226,0,0,193
2,0,13,6226,0,0,191
2,0,13,6224,0,0,179
2,0,13,6224,0,0,178
2,0,13,6226,0,0,189
2,0,13,6226,0,0,187
2,0,13,6226,0,0,185
3,0,19,9006,0,0,3520
2,0,13,6226,0,0,183
2,0,13,6226,0,0,181
2,0,9,5425,0,0,1677
2,0,9,5306,0,0,1690
2,0,13,6224,0,0,172
2,0,13,6224,0,0,170
2,0,13,6325,0,0,168
2,0,13,6325,0,0,166
2,0,13,6325,0,0,164
2,0,13,6325,0,0,162
2,0,13,6325,0,0,160
2,0,13,6325,0,0,158
2,0,13,6325,0,0,156
2,0,9,5425,0,0,1679
2,0,9,5306,0,0,1691
2,0,13,6325,0,0,153
2,0,9,5305,0,0,1686
2,0,9,5305,0,0,1687
2,0,9,5305,0,0,1688
2,0,9,5305,0,0,1689
2,0,9,5425,0,0,1683
2,0,13,6316,0,0,152
2,0,9,5425,0,0,1684
3,0,19,9909,0,0,3517
2,0,13,6226,0,0,109
3,0,19,9009,0,0,3511
2,0,13,6226,0,0,121
2,0,13,6226,0,0,111
2,0,13,6226,0,0,113
2,0,13,6226,0,0,117
2,0,13,6226,0,0,115
2,0,9,5426,0,0,1914
2,0,13,6226,0,0,119
2,0,13,6224,0,0,126
2,0,13,6224,0,0,128
2,0,13,6224,0,0,124
2,0,13,6224,0,0,130
2,0,13,6224,0,0,132
2,0,13,6224,0,0,134
2,0,13,6325,0,0,136
2,0,13,6226,0,0,122
2,0,13,6226,0,0,106
2,0,13,6325,0,0,138
2,0,13,6325,0,0,140
2,0,13,6325,0,0,142
2,0,13,6325,0,0,144
2,0,13,6325,0,0,146
2,0,13,6325,0,0,148
2,0,13,6325,0,0,150
2,0,13,6226,0,0,107
2,0,9,5425,0,0,1681
2,0,9,5425,0,0,1682
2,0,13,6226,0,0,114
2,0,13,6226,0,0,118
2,0,13,6226,0,0,108
2,0,13,6226,0,0,110
2,0,13,6226,0,0,112
2,0,13,6226,0,0,116
2,0,9,5425,0,0,1680
2,0,13,6226,0,0,120
2,0,13,6224,0,0,123
2,0,13,6224,0,0,125
2,0,13,6224,0,0,127
2,0,13,6224,0,0,129
2,0,13,6224,0,0,131
2,0,13,6224,0,0,133
2,0,13,6325,0,0,135
2,0,13,6325,0,0,137
2,0,13,6325,0,0,139
2,0,13,6325,0,0,141
2,0,13,6325,0,0,143
2,0,9,5306,0,0,1694
2,0,13,6325,0,0,145
2,0,13,6325,0,0,147
3,0,19,9009,0,0,3510
2,0,13,6325,0,0,149
2,0,9,5425,0,0,1702
2,0,9,5306,0,0,1693
2,0,13,6226,0,0,102
3,0,19,9009,0,0,3508
3,0,19,9018,0,0,3513
2,0,9,5305,0,0,1700
2,0,9,5305,0,0,1697
2,0,13,6226,0,0,99
2,0,13,6226,0,0,103
2,0,9,4706,0,0,1905
2,0,13,6226,0,0,98
2,0,13,6226,0,0,97
2,0,13,6325,0,0,88
2,0,13,6225,0,0,96
2,0,13,6226,0,0,104
2,0,13,6225,0,0,95
2,0,13,6226,0,0,100
2,0,13,6225,0,0,94
2,0,9,6606,0,0,1896
2,0,13,6226,0,0,101
2,0,13,6325,0,0,151
2,0,9,5425,0,0,1707
2,0,13,6325,0,0,87
2,0,13,6325,0,0,90
2,0,13,6325,0,0,89
2,0,9,4706,0,0,1908
2,0,9,5425,0,0,1709
2,0,13,6225,0,0,93
2,0,13,6225,0,0,92
2,0,13,6325,0,0,91
3,0,19,9909,0,0,3516
2,0,9,5305,0,0,1699
2,0,13,6325,0,0,86
2,0,9,5425,0,0,1706
2,0,9,5305,0,0,1698
2,0,13,6325,0,0,85
2,0,13,6325,0,0,82
2,0,9,5305,0,0,1701
2,0,9,5306,0,0,1695
2,0,9,5425,0,0,1704
2,0,13,6226,0,0,64
2,0,9,5306,0,0,1696
2,0,13,6226,0,0,66
2,0,9,6605,0,0,1918
2,0,13,6225,0,0,68
2,0,13,6225,0,0,70
2,0,13,6225,0,0,72
2,0,13,6225,0,0,74
3,0,19,9908,0,0,3518
2,0,13,6223,0,0,56
2,0,13,6226,0,0,61
2,0,13,6325,0,0,81
2,0,9,5425,0,0,1710
2,0,9,5425,0,0,1708
2,0,9,5425,0,0,1705
2,0,9,5425,0,0,1703
2,0,13,6225,0,0,76
3,0,19,9914,0,0,3683
2,0,13,6325,0,0,83
2,0,13,6225,0,0,78
2,0,13,6325,0,0,80
2,0,13,6226,0,0,57
2,0,13,6226,0,0,58
2,0,9,5515,0,0,1722
3,0,19,9019,0,0,3506
2,0,13,6325,0,0,79
2,0,9,5515,0,0,1721
2,0,9,5305,0,0,1715
2,0,13,6225,0,0,75
2,0,13,6225,0,0,77
2,0,13,6225,0,0,73
2,0,9,5545,0,0,1714
2,0,13,6223,0,0,59
2,0,9,4706,0,0,1902
2,0,9,5515,0,0,1720
2,0,13,6223,0,0,63
2,0,13,6325,0,0,84
2,0,9,5545,0,0,1712
2,0,13,6225,0,0,65
2,0,13,6325,0,0,39
2,0,13,6223,0,0,62
2,0,13,6225,0,0,67
2,0,13,6225,0,0,69
2,0,13,6223,0,0,60
2,0,13,6225,0,0,71
2,0,9,5306,0,0,1717
2,0,9,4706,0,0,1904
2,0,9,4706,0,0,1900
2,0,13,6325,0,0,41
2,0,9,5306,0,0,1718
2,0,9,5545,0,0,1711
2,0,9,5306,0,0,1719
2,0,13,6326,0,0,44
2,0,13,6223,0,0,21
2,0,9,4706,0,0,1907
2,0,9,5425,0,0,1716
2,0,13,6223,0,0,54
2,0,13,6223,0,0,55
2,0,13,6325,0,0,42
2,0,13,6326,0,0,45
2,0,13,6325,0,0,43
2,0,9,5545,0,0,1713
2,0,13,6223,0,0,53
2,0,13,6223,0,0,52
3,0,19,9914,0,0,3685
2,0,13,6223,0,0,50
2,0,13,6225,0,0,49
2,0,13,6225,0,0,48
2,0,13,6223,0,0,51
2,0,13,6225,0,0,47
2,0,13,6225,0,0,46
2,0,9,5306,0,0,1733
3,0,19,9914,0,0,3682
2,0,9,5545,0,0,1740
2,0,9,5545,0,0,1736
2,0,9,5306,0,0,1731
2,0,9,5306,0,0,1729
2,0,9,5515,0,0,1727
2,0,9,5515,0,0,1724
2,0,13,6326,0,0,33
2,0,13,6326,0,0,30
3,0,19,9009,0,0,3499
2,0,13,6223,0,0,22
2,0,13,6223,0,0,23
2,0,9,5545,0,0,1741
2,0,13,6223,0,0,24
2,0,9,5515,0,0,1723
3,0,19,9914,0,0,3684
2,0,13,6223,0,0,25
2,0,13,6326,0,0,26
3,0,19,9019,0,0,3507
2,0,13,6325,0,0,40
2,0,13,6326,0,0,38
2,0,13,6326,0,0,35
2,0,13,6326,0,0,37
2,0,13,6326,0,0,27
2,0,13,6326,0,0,29
2,0,9,5545,0,0,1739
2,0,13,6326,0,0,31
2,0,9,5545,0,0,1745
2,0,13,6326,0,0,28
2,0,9,5545,0,0,1738
2,0,9,5545,0,0,1735
2,0,9,5306,0,0,1734
2,0,9,5515,0,0,1730
2,0,9,5515,0,0,1732
2,0,9,5515,0,0,1728
2,0,9,4706,0,0,1899
3,0,19,9909,0,0,3497
2,0,13,6326,0,0,32
2,0,13,6326,0,0,34
2,0,13,6326,0,0,36
2,0,9,5545,0,0,1737
2,0,13,6223,0,0,20
2,0,9,5515,0,0,1725
2,0,9,4706,0,0,1901
2,0,9,6605,0,0,1898
2,0,13,6223,0,0,16
2,0,13,6223,0,0,14
2,0,13,6223,0,0,12
2,0,9,4706,0,0,1903
2,0,13,6223,0,0,18
2,0,9,6605,0,0,1897
3,0,19,9909,0,0,3498
2,0,9,4706,0,0,1906
2,0,9,5545,0,0,1743
2,0,9,5545,0,0,1742
2,0,9,5545,0,0,1746
2,0,13,6326,0,0,8
2,0,9,5515,0,0,1726
2,0,13,6326,0,0,4
2,0,13,6326,0,0,7
2,0,9,5545,0,0,1748
2,0,13,6223,0,0,11
2,0,13,6326,0,0,1
2,0,9,5515,0,0,1751
2,0,9,5306,0,0,1750
2,0,9,5515,0,0,1756
2,0,9,5515,0,0,1752
2,0,9,5515,0,0,1753
2,0,13,6326,0,0,2
2,0,13,6326,0,0,10
2,0,13,6223,0,0,19
2,0,13,6223,0,0,17
2,0,13,6223,0,0,15
2,0,13,6223,0,0,13
2,0,13,6326,0,0,5
2,0,13,6326,0,0,9
3,0,19,9011,0,0,3500
2,0,9,6606,0,0,1895
2,0,9,5525,0,0,1747
2,0,13,6326,0,0,3
2,0,9,5545,0,0,1744
3,0,19,9011,0,0,3502
2,0,9,5525,0,0,1749
2,0,13,6326,0,0,6
2,0,9,5535,0,0,1754
2,0,9,5535,0,0,1755
3,0,19,9019,0,0,3503
2,0,9,5525,0,0,1771
3,0,19,9019,0,0,3504
2,0,9,5535,0,0,1763
2,0,9,5535,0,0,1765
2,0,14,6420,0,0,1870
2,0,9,5525,0,0,1774
3,0,19,9019,0,0,3505
2,0,14,6410,0,0,1880
2,0,14,6420,0,0,1868
2,0,9,5525,0,0,1770
2,0,14,6420,0,0,1872
2,0,14,6410,0,0,1876
2,0,14,6410,0,0,1878
2,0,9,5546,0,0,1788
2,0,9,4706,0,0,1886
2,0,14,6410,0,0,1874
2,0,9,4706,0,0,1888
2,0,9,4706,0,0,1889
2,0,14,6420,0,0,1866
2,0,9,5525,0,0,1767
2,0,9,5546,0,0,1786
2,0,9,5525,0,0,1778
2,0,9,5525,0,0,1779
2,0,9,4706,0,0,1892
3,0,19,9011,0,0,3501
2,0,9,5546,0,0,1780
2,0,14,6410,0,0,1882
2,0,9,5546,0,0,1782
2,0,14,6420,0,0,1869
2,0,9,5546,0,0,1784
2,0,14,6420,0,0,1867
2,0,9,5535,0,0,1757
2,0,14,6410,0,0,1879
2,0,9,5535,0,0,1761
2,0,9,5535,0,0,1766
2,0,14,6420,0,0,1871
2,0,14,6410,0,0,1873
2,0,14,6410,0,0,1875
2,0,9,5535,0,0,1764
2,0,14,6410,0,0,1877
2,0,9,5525,0,0,1772
2,0,9,5535,0,0,1759
2,0,9,4706,0,0,1885
3,0,19,9011,0,0,3492
3,0,19,9011,0,0,3494
2,0,9,5525,0,0,1776
3,0,19,9908,0,0,3496
2,0,9,5546,0,0,1781
3,0,19,9011,0,0,3491
2,0,9,5546,0,0,1789
2,0,14,6420,0,0,1865
2,0,9,5525,0,0,1775
3,0,19,9909,0,0,3495
2,0,9,5535,0,0,1762
2,0,9,5546,0,0,1787
2,0,14,6420,0,0,1858
2,0,14,6420,0,0,1859
2,0,14,6420,0,0,1855
2,0,9,5525,0,0,1769
2,0,14,6410,0,0,1853
2,0,14,6410,0,0,1851
2,0,14,6410,0,0,1849
2,0,14,6410,0,0,1847
2,0,14,6410,0,0,1881
2,0,14,6420,0,0,1861
2,0,9,5600,0,0,1773
2,0,14,6420,0,0,1864
2,0,9,5600,0,0,1803
2,0,14,6410,0,0,1845
2,0,9,5535,0,0,1806
2,0,9,5535,0,0,1760
2,0,9,5525,0,0,1777
2,0,9,5546,0,0,1884
2,0,9,5546,0,0,1785
2,0,9,5546,0,0,1794
2,0,9,5535,0,0,1758
2,0,9,5546,0,0,1783
2,0,9,6605,0,0,1894
2,0,14,6410,0,0,1843
2,0,14,6420,0,0,1857
2,0,9,5600,0,0,1768
2,0,9,4706,0,0,1891
3,0,19,9019,0,0,3493
2,0,14,6410,0,0,1852
2,0,9,5600,0,0,1798
3,0,19,9011,0,0,3490
2,0,14,6420,0,0,1860
2,0,14,6420,0,0,1862
2,0,9,5546,0,0,1793
2,0,9,5600,0,0,1795
2,0,14,6420,0,0,1854
2,0,9,5535,0,0,1812
2,0,14,6410,0,0,1848
2,0,14,6410,0,0,1850
2,0,14,6410,0,0,1846
2,0,9,6605,0,0,1893
3,0,19,9019,0,0,3488
2,0,14,6420,0,0,1856
2,0,14,6410,0,0,1844
2,0,9,5600,0,0,1801
2,0,9,5535,0,0,1807
2,0,9,5535,0,0,1809
2,0,9,5600,0,0,1804
2,0,9,5600,0,0,1796
2,0,9,4706,0,0,1887
2,0,9,5600,0,0,1799
2,0,14,6420,0,0,1863
2,0,9,4706,0,0,1890
3,0,19,9020,0,0,3486
3,0,19,9019,0,0,3479
3,0,19,9019,0,0,3489
2,0,14,6410,0,0,1842
2,0,9,5546,0,0,1790
2,0,9,5535,0,0,1813
3,0,19,9019,0,0,3480
2,0,9,5546,0,0,1883
2,0,9,5546,0,0,1791
3,0,19,9020,0,0,3487
2,0,9,5535,0,0,1811
2,0,14,6420,0,0,1822
2,0,14,6420,0,0,1818
2,0,14,6420,0,0,1826
2,0,14,6420,0,0,1824
2,0,14,6420,0,0,1828
2,0,14,6410,0,0,1830
2,0,14,6410,0,0,1832
2,0,14,6410,0,0,1834
2,0,14,6410,0,0,1836
2,0,14,6420,0,0,1820
2,0,9,5546,0,0,1792
2,0,14,6410,0,0,1837
2,0,14,6410,0,0,1841
2,0,14,6420,0,0,1816
2,0,9,5600,0,0,1802
2,0,9,5600,0,0,1805
2,0,14,6420,0,0,1817
2,0,9,5600,0,0,1800
2,0,9,5535,0,0,1808
2,0,9,5600,0,0,1797
2,0,9,5535,0,0,1810
2,0,14,6410,0,0,1840
2,0,9,5535,0,0,1815
2,0,9,5535,0,0,1814
2,0,14,6410,0,0,1838
2,0,14,6420,0,0,1819
2,0,14,6420,0,0,1821
2,0,14,6420,0,0,1825
2,0,14,6420,0,0,1827
2,0,14,6420,0,0,1823
2,0,14,6410,0,0,1829
2,0,14,6410,0,0,1831
2,0,14,6410,0,0,1833
2,0,14,6410,0,0,1835
2,0,14,6410,0,0,1839
1,0,16,7435,0,0,2556
1,0,16,7316,0,0,2664
1,0,16,7315,0,0,2661
3,0,19,9019,0,0,3478
1,0,16,7315,0,0,2659
1,0,16,7316,0,0,2668
1,0,15,7100,0,0,2656
1,0,15,7100,0,0,2654
1,0,15,7100,0,0,2653
1,0,15,7100,0,0,2651
1,0,15,7100,0,0,2648
1,0,16,7415,0,0,2559
1,0,15,7015,0,0,2647
1,0,16,7415,0,0,2561
1,0,16,7316,0,0,2662
1,0,16,7316,0,0,2667
1,0,16,7435,0,0,2555
1,0,16,7316,0,0,2666
3,0,19,9019,0,0,3483
1,0,15,7015,0,0,2640
1,0,16,7316,0,0,2665
1,0,15,7015,0,0,2644
1,0,16,7415,0,0,2558
1,0,16,7435,0,0,2551
1,0,16,7435,0,0,2553
1,0,15,7015,0,0,2642
1,0,16,7316,0,0,2663
1,0,15,7015,0,0,2641
1,0,16,7415,0,0,2565
1,0,15,7100,0,0,2652
1,0,16,7315,0,0,2660
1,0,15,7100,0,0,2650
1,0,16,7315,0,0,2658
1,0,15,7100,0,0,2657
1,0,15,7100,0,0,2655
1,0,15,7100,0,0,2649
3,0,19,9019,0,0,3481
1,0,15,7015,0,0,2646
1,0,15,7015,0,0,2643
1,0,15,7015,0,0,2645
1,0,16,7435,0,0,2549
3,0,19,9020,0,0,3484
1,0,16,7316,0,0,2608
1,0,16,7415,0,0,2563
3,0,19,9019,0,0,3476
1,0,16,7315,0,0,2614
1,0,15,7100,0,0,2619
1,0,15,7100,0,0,2621
1,0,15,7100,0,0,2617
1,0,16,7316,0,0,2611
1,0,15,7015,0,0,2639
1,0,15,7015,0,0,2633
1,0,15,7015,0,0,2626
1,0,15,7100,0,0,2623
3,0,19,9019,0,0,3477
1,0,16,7316,0,0,2612
1,0,15,7015,0,0,2629
1,0,16,7415,0,0,2560
1,0,15,7015,0,0,2632
1,0,16,7415,0,0,2557
1,0,15,7100,0,0,2625
1,0,16,7316,0,0,2609
1,0,16,7435,0,0,2554
1,0,16,7315,0,0,2616
1,0,15,7025,0,0,2635
1,0,16,7415,0,0,2564
1,0,16,7435,0,0,2552
1,0,16,7320,0,0,2566
1,0,16,7315,0,0,2613
1,0,15,7100,0,0,2618
1,0,15,7100,0,0,2620
1,0,15,7100,0,0,2624
1,0,15,7025,0,0,2631
1,0,15,7025,0,0,2628
1,0,15,7100,0,0,2622
1,0,15,7025,0,0,2627
3,0,19,9020,0,0,3485
1,0,16,7316,0,0,2607
1,0,16,7316,0,0,2610
1,0,16,7435,0,0,2550
1,0,16,8910,0,0,2365
3,0,19,9019,0,0,3482
1,0,16,7315,0,0,2615
1,0,15,7025,0,0,2636
1,0,15,7025,0,0,2634
1,0,15,7025,0,0,2637
1,0,15,7206,0,0,2597
1,0,16,7415,0,0,2562
1,0,15,7025,0,0,2630
1,0,15,7025,0,0,2588
1,0,16,7436,0,0,2542
1,0,16,7315,0,0,2600
1,0,15,7206,0,0,2594
1,0,15,7206,0,0,2591
1,0,16,7315,0,0,2603
1,0,16,7315,0,0,2601
1,0,16,8910,0,0,2443
1,0,16,7316,0,0,2606
1,0,15,7025,0,0,2638
1,0,16,7320,0,0,2532
3,0,19,9019,0,0,3475
1,0,16,7436,0,0,2544
1,0,16,7425,0,0,2539
1,0,16,7320,0,0,2533
1,0,15,7206,0,0,2596
1,0,16,8910,0,0,2548
1,0,16,7320,0,0,2529
1,0,16,7320,0,0,2537
1,0,15,7025,0,0,2586
1,0,16,7320,0,0,2567
1,0,15,7025,0,0,2584
1,0,15,7206,0,0,2593
1,0,16,7316,0,0,2605
1,0,16,7315,0,0,2604
1,0,15,7025,0,0,2583
1,0,16,7315,0,0,2599
1,0,15,7205,0,0,2587
1,0,16,7315,0,0,2602
1,0,15,7025,0,0,2585
1,0,15,7206,0,0,2590
1,0,16,7425,0,0,2540
1,0,15,7205,0,0,2589
1,0,16,7320,0,0,2531
1,0,15,7206,0,0,2598
1,0,15,7206,0,0,2595
1,0,15,7206,0,0,2592
1,0,16,7436,0,0,2541
1,0,16,7436,0,0,2545
1,0,16,7320,0,0,2536
1,0,16,7436,0,0,2546
1,0,16,7320,0,0,2528
1,0,16,7320,0,0,2568
1,0,16,7315,0,0,2569
1,0,16,7436,0,0,2543
1,0,15,7206,0,0,2572
1,0,15,7206,0,0,2573
1,0,15,7206,0,0,2571
1,0,15,7206,0,0,2574
1,0,15,7206,0,0,2575
1,0,15,7206,0,0,2576
1,0,15,7205,0,0,2578
1,0,15,7205,0,0,2579
1,0,16,7425,0,0,2538
3,0,19,9020,0,0,3472
1,0,15,7205,0,0,2580
1,0,15,7205,0,0,2577
1,0,18,8600,0,0,2547
1,0,15,7515,0,0,2570
1,0,16,7320,0,0,2534
1,0,16,7320,0,0,2535
1,0,15,7026,0,0,2581
1,0,15,7515,0,0,2523
1,0,16,7320,0,0,2525
1,0,15,7206,0,0,2518
1,0,15,7206,0,0,2515
1,0,15,7205,0,0,2506
1,0,15,7205,0,0,2511
3,0,19,9019,0,0,3473
1,0,15,7205,0,0,2509
1,0,15,7515,0,0,2520
3,0,19,9019,0,0,3474
1,0,16,7320,0,0,2530
1,0,16,7436,0,0,2450
1,0,15,7206,0,0,2517
1,0,16,7425,0,0,2459
1,0,16,7436,0,0,2447
1,0,18,7605,0,0,2446
1,0,16,7320,0,0,2526
1,0,16,7335,0,0,2473
1,0,16,7425,0,0,2458
1,0,15,7205,0,0,2510
1,0,16,7320,0,0,2527
1,0,16,7425,0,0,2464
1,0,15,7206,0,0,2514
1,0,15,7026,0,0,2505
1,0,16,7335,0,0,2472
1,0,15,7515,0,0,2522
1,0,16,7425,0,0,2452
1,0,15,7026,0,0,2582
1,0,18,8600,0,0,2445
1,0,18,8600,0,0,2444
1,0,16,7436,0,0,2449
1,0,16,7320,0,0,2524
1,0,15,7205,0,0,2508
1,0,15,7205,0,0,2513
1,0,15,7515,0,0,2519
1,0,16,7425,0,0,2457
1,0,15,7515,0,0,2516
1,0,16,7335,0,0,2471
1,0,15,7515,0,0,2521
1,0,15,7026,0,0,2503
1,0,16,7335,0,0,2470
1,0,15,7205,0,0,2512
1,0,15,7205,0,0,2507
1,0,16,7425,0,0,2463
1,0,18,8600,0,0,2442
1,0,15,7026,0,0,2504
1,0,16,7436,0,0,2437
1,0,18,8600,0,0,2441
1,0,16,7335,0,0,2480
1,0,16,7436,0,0,2448
1,0,15,7535,0,0,2489
1,0,16,7335,0,0,2476
1,0,16,7425,0,0,2451
1,0,15,7535,0,0,2491
1,0,16,7335,0,0,2467
3,0,19,9020,0,0,3471
1,0,15,7026,0,0,2502
1,0,15,7525,0,0,2496
1,0,16,7425,0,0,2455
1,0,16,7335,0,0,2479
1,0,15,7535,0,0,2487
1,0,18,7605,0,0,2380
1,0,18,8905,0,0,2368
1,0,18,8600,0,0,2440
1,0,15,7535,0,0,2485
1,0,15,7525,0,0,2499
3,0,19,9020,0,0,3470
1,0,16,7425,0,0,2456
1,0,16,7425,0,0,2462
3,0,19,9020,0,0,3469
1,0,15,7535,0,0,2490
1,0,16,7335,0,0,2468
1,0,15,7525,0,0,2495
1,0,15,7525,0,0,2494
1,0,15,7535,0,0,2488
1,0,18,7605,0,0,2438
1,0,15,7525,0,0,2501
1,0,16,7335,0,0,2475
1,0,16,7436,0,0,2436
1,0,18,8600,0,0,2373
1,0,16,7335,0,0,2469
1,0,16,7425,0,0,2461
1,0,15,7535,0,0,2483
1,0,15,7525,0,0,2493
1,0,16,7425,0,0,2453
1,0,15,7535,0,0,2484
1,0,15,7525,0,0,2498
1,0,16,8910,0,0,2366
1,0,16,7335,0,0,2478
1,0,18,8600,0,0,2371
1,0,18,8600,0,0,2439
1,0,16,7335,0,0,2465
1,0,16,7425,0,0,2435
1,0,15,7535,0,0,2486
1,0,15,7525,0,0,2492
1,0,16,7425,0,0,2454
1,0,16,7335,0,0,2466
1,0,16,7425,0,0,2460
1,0,15,7525,0,0,2500
1,0,15,7535,0,0,2481
1,0,15,7535,0,0,2482
1,0,15,7526,0,0,2497
1,0,16,7335,0,0,2474
1,0,16,7335,0,0,2477
1,0,15,7525,0,0,2412
1,0,18,8600,0,0,2376
1,0,16,7425,0,0,2434
1,0,15,7537,0,0,2413
1,0,16,7340,0,0,2431
1,0,18,8905,0,0,2367
1,0,15,7526,0,0,2411
1,0,16,7340,0,0,2432
1,0,16,7335,0,0,2425
1,0,18,8905,0,0,2369
1,0,15,7535,0,0,2418
1,0,16,7340,0,0,2428
1,0,16,7335,0,0,2423
1,0,16,7340,0,0,2427
1,0,15,8115,0,0,2419
1,0,15,8115,0,0,2421
1,0,15,8115,0,0,2417
1,0,16,7340,0,0,2430
1,0,18,8600,0,0,2372
1,0,18,7605,0,0,2378
1,0,16,7340,0,0,2433
1,0,15,7526,0,0,2408
1,0,15,7537,0,0,2414
1,0,16,7335,0,0,2424
1,0,15,8115,0,0,2420
1,0,15,7526,0,0,2409
1,0,15,8115,0,0,2422
1,0,15,7537,0,0,2415
1,0,15,7526,0,0,2410
1,0,15,8115,0,0,2416
1,0,16,7340,0,0,2426
1,0,16,7340,0,0,2386
1,0,16,7340,0,0,2429
1,0,18,8906,0,0,2375
3,0,19,9020,0,0,3467
1,0,18,7605,0,0,2381
1,0,18,8906,0,0,2377
1,0,16,7340,0,0,2387
1,0,16,7340,0,0,2385
1,0,15,7537,0,0,2400
1,0,17,8115,0,0,2396
1,0,15,7526,0,0,2407
1,0,16,7335,0,0,2390
1,0,17,8115,0,0,2393
1,0,18,7605,0,0,2379
1,0,17,8115,0,0,2395
1,0,16,7340,0,0,2389
1,0,15,7537,0,0,2403
1,0,15,7537,0,0,2402
1,0,16,8910,0,0,2363
1,0,18,7605,0,0,2382
1,0,18,7700,0,0,2357
1,0,15,7526,0,0,2406
1,0,18,8905,0,0,2370
1,0,17,8115,0,0,2392
1,0,17,8115,0,0,2394
1,0,15,7537,0,0,2399
1,0,18,7700,0,0,2354
1,0,18,7700,0,0,2355
1,0,16,7340,0,0,2388
1,0,18,7806,0,0,2343
1,0,16,7340,0,0,2384
3,0,19,9020,0,0,3468
1,0,15,7537,0,0,2401
1,0,17,8115,0,0,2391
1,0,18,8906,0,0,2374
1,0,18,7700,0,0,2353
1,0,15,7537,0,0,2404
1,0,15,7537,0,0,2398
1,0,18,7700,0,0,2356
1,0,15,7526,0,0,2405
1,0,15,7537,0,0,2397
1,0,16,7340,0,0,2383
1,0,18,7700,0,0,2352
1,0,17,8125,0,0,2328
1,0,18,8905,0,0,2362
1,0,18,7700,0,0,2350
1,0,17,8126,0,0,2329
1,0,18,8905,0,0,2361
1,0,18,7700,0,0,2351
1,0,18,7606,0,0,2335
1,0,17,8125,0,0,2321
1,0,17,8126,0,0,2327
1,0,17,8125,0,0,2324
1,0,17,8000,0,0,2314
1,0,17,8000,0,0,2307
1,0,16,8910,0,0,2364
1,0,17,8000,0,0,2311
1,0,18,7806,0,0,2336
1,0,17,8000,0,0,2309
1,0,18,7806,0,0,2341
1,0,17,8126,0,0,2331
1,0,17,8000,0,0,2313
1,0,17,8125,0,0,2320
1,0,18,7806,0,0,2349
1,0,18,7806,0,0,2342
1,0,17,8125,0,0,2317
1,0,17,8000,0,0,2305
1,0,17,8125,0,0,2323
1,0,17,8126,0,0,2326
1,0,17,8000,0,0,2306
1,0,18,8906,0,0,2358
1,0,17,8125,0,0,2319
1,0,18,7806,0,0,2348
1,0,18,8906,0,0,2359
1,0,18,8906,0,0,2360
1,0,17,8000,0,0,2310
1,0,18,7806,0,0,2340
1,0,18,7606,0,0,2334
1,0,18,7805,0,0,2347
1,0,17,8000,0,0,2308
1,0,17,8000,0,0,2312
1,0,17,8125,0,0,2316
1,0,17,8125,0,0,2315
1,0,17,8126,0,0,2322
1,0,17,8126,0,0,2330
1,0,17,8126,0,0,2318
1,0,17,8126,0,0,2325
1,0,18,7805,0,0,2339
1,0,18,7606,0,0,2332
1,0,18,7805,0,0,2346
1,0,17,8000,0,0,2303
1,0,18,7805,0,0,2344
1,0,18,7606,0,0,2333
1,0,17,8125,0,0,2302
1,0,17,8126,0,0,2298
1,0,17,8126,0,0,2296
1,0,18,7805,0,0,2338
1,0,17,8126,0,0,2300
1,0,17,8210,0,0,2291
1,0,17,8210,0,0,2294
1,0,18,8906,0,0,2226
1,0,17,8210,0,0,2297
1,0,17,8210,0,0,2295
1,0,18,7805,0,0,2345
1,0,17,8210,0,0,2293
1,0,18,7805,0,0,2337
1,0,17,8210,0,0,2301
1,0,17,8210,0,0,2292
1,0,17,8210,0,0,2299
1,0,18,8906,0,0,2218
1,0,17,8210,0,0,2275
1,0,17,8000,0,0,2304
1,0,17,8210,0,0,2288
1,0,17,8210,0,0,2290
1,0,17,8210,0,0,2286
1,0,17,8210,0,0,2284
1,0,17,8210,0,0,2282
1,0,17,8210,0,0,2280
1,0,17,8210,0,0,2278
1,0,17,8210,0,0,2276
1,0,17,8210,0,0,2289
1,0,17,8210,0,0,2287
1,0,18,7805,0,0,2225
1,0,17,8210,0,0,2285
1,0,18,7805,0,0,2230
1,0,17,8210,0,0,2283
1,0,17,8210,0,0,2281
1,0,17,8210,0,0,2279
1,0,17,8210,0,0,2277
1,0,17,8210,0,0,2264
1,0,18,7805,0,0,2238
1,0,18,7805,0,0,2246
1,0,18,7805,0,0,2247
1,0,17,8220,0,0,2268
1,0,17,8210,0,0,2266
1,0,17,8220,0,0,2270
1,0,17,8220,0,0,2272
1,0,17,8210,0,0,2262
1,0,17,8220,0,0,2273
1,0,18,7905,0,0,2234
1,0,17,8220,0,0,2274
1,0,17,8210,0,0,2263
1,0,17,8210,0,0,2265
1,0,17,8220,0,0,2267
1,0,17,8220,0,0,2269
1,0,17,8220,0,0,2271
1,0,18,7805,0,0,2220
1,0,18,7805,0,0,2245
1,0,17,8220,0,0,2261
1,0,17,8220,0,0,2260
1,0,17,8220,0,0,2258
1,0,18,7805,0,0,2223
1,0,18,7905,0,0,2237
1,0,18,7805,0,0,2229
1,0,18,7905,0,0,2244
1,0,17,8220,0,0,2256
1,0,18,7805,0,0,2224
1,0,18,7905,0,0,2243
1,0,17,8220,0,0,2257
1,0,17,8220,0,0,2259
1,0,18,7905,0,0,2233
1,0,17,8220,0,0,2255
1,0,18,7905,0,0,2236
1,0,17,8220,0,0,2253
1,0,18,8925,0,0,2216
1,0,17,8220,0,0,2251
1,0,17,8220,0,0,2250
1,0,18,7905,0,0,2242
1,0,18,7606,0,0,2248
1,0,17,8220,0,0,2254
1,0,18,7905,0,0,2241
1,0,18,7905,0,0,2228
1,0,18,7905,0,0,2232
1,0,17,8220,0,0,2252
1,0,18,7905,0,0,2222
1,0,18,8925,0,0,2215
1,0,18,7905,0,0,2235
1,0,18,7905,0,0,2231
1,0,18,7905,0,0,2227
1,0,18,7606,0,0,2249
1,0,18,7905,0,0,2221
1,0,18,7905,0,0,2240
1,0,18,7805,0,0,2219
1,0,18,7905,0,0,2239
1,0,18,8937,0,0,2183
1,0,18,7606,0,0,2202
1,0,18,8405,0,0,2211
1,0,18,8405,0,0,2206
1,0,18,8310,0,0,2201
1,0,18,7905,0,0,2212
1,0,18,8937,0,0,2180
1,0,18,8405,0,0,2207
1,0,18,8405,0,0,2209
1,0,18,8310,0,0,2194
1,0,18,8925,0,0,2217
1,0,18,8405,0,0,2205
1,0,18,8937,0,0,2181
1,0,18,8310,0,0,2189
1,0,18,8937,0,0,2179
1,0,18,8310,0,0,2200
1,0,18,8310,0,0,2193
1,0,18,8310,0,0,2188
1,0,18,8310,0,0,2187
1,0,18,8405,0,0,2204
1,0,18,8310,0,0,2197
1,0,18,8310,0,0,2199
1,0,18,8310,0,0,2196
1,0,18,8925,0,0,2213
1,0,18,8937,0,0,2182
1,0,18,8310,0,0,2192
1,0,18,8405,0,0,2210
1,0,18,8405,0,0,2208
1,0,18,8310,0,0,2191
1,0,18,8937,0,0,2185
1,0,18,8405,0,0,2203
1,0,18,8937,0,0,2175
1,0,18,8937,0,0,2184
1,0,18,8310,0,0,2195
1,0,18,8310,0,0,2186
1,0,18,8310,0,0,2198
1,0,18,8310,0,0,2190
1,0,18,8925,0,0,2214
1,0,18,8310,0,0,2161
1,0,18,8405,0,0,2157
1,0,18,8310,0,0,2170
1,0,18,8310,0,0,2163
1,0,18,8310,0,0,2164
1,0,18,8925,0,0,2154
1,0,18,8310,0,0,2160
1,0,18,8937,0,0,2173
1,0,18,8405,0,0,2156
1,0,18,8310,0,0,2159
1,0,18,8937,0,0,2172
1,0,18,8310,0,0,2162
1,0,18,8925,0,0,2153
1,0,18,8310,0,0,2169
1,0,18,8405,0,0,2155
1,0,18,8310,0,0,2167
1,0,18,8937,0,0,2178
1,0,18,8937,0,0,2176
1,0,18,8320,0,0,2158
1,0,18,8926,0,0,2151
1,0,18,8320,0,0,2168
1,0,18,8320,0,0,2166
1,0,18,8937,0,0,2177
1,0,18,8937,0,0,2174
1,0,18,8937,0,0,2171
1,0,18,8320,0,0,2165
1,0,18,8926,0,0,2152
1,0,18,8406,0,0,2149
1,0,18,8320,0,0,2148
1,0,18,8936,0,0,2143
1,0,18,8320,0,0,2146
1,0,18,8406,0,0,2150
1,0,18,8936,0,0,2142
1,0,18,8936,0,0,2138
1,0,18,8936,0,0,2140
1,0,18,8320,0,0,2147
1,0,18,8936,0,0,2139
1,0,18,8320,0,0,2145
1,0,18,8936,0,0,2144
1,0,18,8936,0,0,2137
1,0,18,8936,0,0,2141
1,0,18,8500,0,0,2120
1,0,18,8926,0,0,2114
1,0,18,8500,0,0,2128
1,0,18,8500,0,0,2123
1,0,18,8936,0,0,2134
1,0,18,8926,0,0,2109
1,0,18,8500,0,0,2129
1,0,18,8936,0,0,2136
1,0,18,8500,0,0,2126
1,0,18,8500,0,0,2127
1,0,18,8500,0,0,2119
1,0,18,8500,0,0,2122
1,0,18,8926,0,0,2110
1,0,18,8936,0,0,2131
1,0,18,8936,0,0,2130
1,0,18,8936,0,0,2133
1,0,18,8500,0,0,2125
1,0,18,8500,0,0,2116
1,0,18,8936,0,0,2135
1,0,18,8936,0,0,2132
1,0,18,8500,0,0,2121
1,0,18,8926,0,0,2113
1,0,18,8927,0,0,2124
1,0,18,8500,0,0,2118
1,0,18,8500,0,0,2115
1,0,18,8500,0,0,2117
1,0,18,8935,0,0,2104
1,0,18,8927,0,0,2106
1,0,18,8936,0,0,2101
1,0,18,8926,0,0,2112
1,0,18,8926,0,0,2111
1,0,18,8935,0,0,2102
1,0,18,8935,0,0,2103
1,0,18,8927,0,0,2105
1,0,18,8935,0,0,2100
1,0,18,8935,0,0,2097
1,0,18,8935,0,0,2099
1,0,18,8935,0,0,2095
1,0,18,8935,0,0,2094
1,0,18,8927,0,0,2107
1,0,18,8935,0,0,2096
1,0,18,8935,0,0,2098
1,0,18,8926,0,0,2108
1,0,18,8927,0,0,2093
1,0,18,8935,0,0,2089
1,0,18,8935,0,0,2091
1,0,18,8935,0,0,2092
1,0,18,8935,0,0,2090
